Date,Branch,Location,Feeder,Category,Fault,Areas Affected
02/10/2021,Shomolu,Oworo ,33 KV,Feeder,FAULT ON OWORO IGBOBI 33KV,Oworo Igbobi
02/10/2021,Shomolu,Oworo,33 KV,Feeder,FAULT ON OWORO IGBOBI 33KV,Oworo Igbobi
04/10/2021,Abule Egba,Fagba,Not Specified,Transformer (N/S),FAULT ON 11-IJAIYE OJOKOROINJ-T1-AGBADO 2-MAJEOBAJE,11-IJAIYE OJOKOROINJ-T1-AGBADO 2-MAJEOBAJE
10/10/2021,Abule Egba,Fagba,11 KV,Feeder,FAULT ON AGBE ROAD 11KV FEEDER,Agbe Road
10/10/2021,Abule Egba,Fagba,11 KV,Feeder,FAULT ON AGBE ROAD 11KV FEEDER,Agbe Road
24/10/2021,Shomolu,Ketu,11 KV,Feeder,FAULT ON KETU 11KV FEEDER,Ketu
04/11/2021,Abule Egba,Fagba,11 KV,Feeder,FAULT AFFECTING AGBE RD 11KV FEEDER,Agbe Road
04/11/2021,Abule Egba,Fagba,11 KV,Feeder,FAULT AFFECTING AGBE RD 11KV FEEDER,Agbe Road
06/11/2021,Shomolu,Oworo,33 KV,Planned,"PLANNED OUTAGE REQUEST ON OWORO 1, 33KV FEEDER","OWORO, LADI LAK, PEDRO"
15/11/2021,Abule Egba,Iju,Not Specified,Feeder,CURRENT OUTAGE IS DUE TO A FEEDER FAULT,Iju
15/11/2021,Shomolu,Oworo,Not Specified,Breaker,BREAKER FAULT ON HOSPITAL,11-OWOROINJ-T1-HOSPITAL
17/11/2021,Abule Egba,Adiyan,11 KV,Feeder,OUTAGE AFFECTING CUSTOMERS ON OPEILU 11KV FEEDER,Adiyan
17/11/2021,Shomolu,Olateju,Not Specified,Transformer (N/S),11-MUSHININJ-T1-MUSHIN-OLATEJU,MUSHIN-OLATEJU
18/11/2021,Abule Egba,Fagba,Not Specified,Transformer,FAULT ON AGEGEINJ-T1-OKO OBA,AGEGEINJ-T1-OKO OBA
20/11/2021,Shomolu,Ketu,11 KV,Feeder,"FAULT ON WASIMI, AGIDI, ARAROMI, AND AKANIMODO 11KV FEEDER","WASIMI, AGIDI, ARAROMI, AND AKANIMODO 11KV FEEDER"
22/11/2021,Shomolu,Ogudu,33 KV,Feeder,PLANNED OUTAGE ON MARYLAND-AJEGUNLE 33KV LINE,"AJEGUNLE, THOMAS LANIYAN, OWODE ONIRIN & ENVIRONS"
29/11/2021,Abule Egba,Iju,Not Specified,DT,OUTAGE ON 11-OBAWOLEINJ-T1-ROTIMI WILLIAMS-KAYFARM 2 (BILATERAL DT),KAYFARM
29/11/2021,Abule Egba,Iju,Not Specified,DT,OUTAGE ON 11-OBAWOLEINJ-T1-ROTIMI WILLIAMS-KAYFARM 2 (BILATERAL DT),KAYFARM
03/12/2021,Shomolu,Magodo,33 KV,TCN,RE: FAULT AFFECTING 33-OKE-AROTCN-AKUTE-QUEEN GARDENS ESTATE AND 33-OKE-AROTCN-AKUTE-FAAN ESTATE,QUEEN GARDENS ESTATE AND FAAN
03/12/2021,Shomolu,Magodo,33 KV,Feeder,RE: FAULT AFFECTING 33-OKE-AROTCN-AKUTE-QUEEN GARDENS ESTATE AND 33-OKE-AROTCN-AKUTE-FAAN ESTATE,QUEEN GARDENS ESTATE AND FAAN
03/12/2021,Shomolu,Ketu,11 KV,Feeder,AGBOYI 11KV FEEDER OUT OF SUPPLY,AGBOYI
03/12/2021,Shomolu,Ketu,11 KV,Feeder,AGBOYI 11KV FEEDER OUT OF SUPPLY,AGBOYI
03/12/2021,Shomolu,Ketu,11 KV,Feeder,AGBOYI 11KV FEEDER OUT OF SUPPLY,AGBOYI
06/12/2021,Abule Egba,Iju,Not Specified,HVDS,RE: OUTAGE ON 11-AGEGEINJ-T1-IJU ROAD-173/175 IJU ROAD HVDS,IJU ROAD HVDS
06/12/2021,Abule Egba,Iju,Not Specified,HVDS,RE: OUTAGE ON 11-AGEGEINJ-T1-IJU ROAD-173/175 IJU ROAD HVDS,IJU ROAD HVDS
08/12/2021,Abule Egba,Akute,Not Specified,HVDS,OUTAGE ON HVDS 3 ORUBA 50KVA,HVDS 3 ORUBA 50KVA
08/12/2021,Abule Egba,Akute,Not Specified,Transformer (N/S),OUTAGE ON ROTIMI SHITTAN 500KVA,ROTIMI SHITTAN 500KVA
08/12/2021,Abule Egba,Akute,Not Specified,Transformer (N/S),OUTAGE ON MARTINS 500KVA,MARTINS 500KVA
10/12/2021,Abule Egba,Ijaiye,11 KV,Transformer,"OUTAGE ON MARKET 2 500KVA,(11/0.415)KV DT ON AGBADO 2 FEEDER 11KKV","MARKET 2 500KVA,(11/0.415)KV DT ON AGBADO 2 FEEDER 11KKV"
13/12/2021,Abule Egba,Iju,Not Specified,Transformer (N/S),11-OBAWOLEINJ-T1-YOUDEOWEI,OBAWOLE
13/12/2021,Abule Egba,Iju,11 KV,Feeder,OUTAGE ON ROTIMI WILLIAMS (KAYFARM) 11KV BILATERAL FEEDER,KAYFARM
13/12/2021,Shomolu,Olowora,Not Specified,Human,CABLE PUNCTURE AT ODOGUN 500KVA SS,Isheri
14/12/2021,Abule Egba,Adiyan,Not Specified,DT,OUTAGE AFFECTING CUSTOMERS ON ITOKI 500KVA DT,ADIYAN
16/12/2021,Abule Egba,Ijaiye,Not Specified,Transformer (N/S),FAULT AFFECTING 11-IJAIYE OJOKOROINJ-T1-AGBADO 2-ANYALOGU,ANYALOGU
16/12/2021,Abule Egba,Ijaiye,Not Specified,Transformer (N/S),MAINTENANCE ON 11-IJAIYE OJOKOROINJ-T1-AGBADO 2-OGO OLUWA,11-IJAIYE OJOKOROINJ-T1-AGBADO 2-OGO OLUWA
20/12/2021,Abule Egba,Iju,Not Specified,HVDS,OUTAGE ON 11-OBAWOLEINJ-T1-YOUDEOWEI-2 ONI CRESCENT HVDS,11-OBAWOLEINJ-T1-YOUDEOWEI-2 ONI CRESCENT HVDS
20/12/2021,Abule Egba,Iju,Not Specified,HVDS,OUTAGE ON 11-AGEGEINJ-T1-IJU ROAD-27 ALADE CLOSE (2) HVDS,11-AGEGEINJ-T1-IJU ROAD-27 ALADE CLOSE (2) HVDS
21/12/2021,Shomolu,Olateju,Not Specified,Transformer (N/S),FAULT ON 11-NEW YABAINJ-T1-FADEYI,11-NEW YABAINJ-T1-FADEYI
28/12/2021,Abule Egba,Iju,Not Specified,DT,OUTAGE ON 11-OBAWOLEINJ-T1-ROTIMI WILLIAMS-KAYFARM 3 BILATERAL DT,11-OBAWOLEINJ-T1-ROTIMI WILLIAMS-KAYFARM 3 BILATERAL DT
03/01/2022,Abule Egba,Fagba,Not Specified,HVDS,FAULT ON 11-BECKLEYINJ-T1-AGBE ROAD-SANTOS HVDS 3,11-BECKLEYINJ-T1-AGBE ROAD-SANTOS HVDS 3
03/01/2022,Abule Egba,Iju,Not Specified,Human,RUPTURED 2NO HT FUSE,"MILLER-MOORE STREET, HAVILLAH ESTATE"
04/01/2022,Abule Egba,Fagba,Not Specified,Transformer (N/S),11-BECKLEYINJ-T1-AGBE ROAD-LUKMON,11-BECKLEYINJ-T1-AGBE ROAD-LUKMON
04/01/2022,Abule Egba,Iju,Not Specified,DT,OUTAGE ON 11-OBAWOLEINJ-T1-ROTIMI WILLIAMS-KAYFARM 2 BILATERAL DT,11-OBAWOLEINJ-T1-ROTIMI WILLIAMS-KAYFARM 2 BILATERAL DT
08/01/2022,Abule Egba,Iju,Not Specified,DT,OUTAGE ON 11-OBAWOLEINJ-T1-ROTIMI WILLIAMS-KAYFARM 2 BILATERAL DT,11-OBAWOLEINJ-T1-ROTIMI WILLIAMS-KAYFARM 2 BILATERAL DT
16/01/2022,Abule Egba,Fagba,Not Specified,Transformer (N/S),OUTAGE AFFECTING CUSTOMERS,• 11-BECKLEYINJ-T1-AGBE ROAD-ANGEL TEMPLE 2 • 11-BECKLEYINJ-T1-AGBE ROAD-ANGEL TEMPLE 1 • 11-BECKLEYINJ-T1-AGBE ROAD-SEGUN AREGBESHOLA • 11-BECKLEYINJ-T1-AGBE ROAD-HARMONY • 11-BECKLEYINJ-T1-AGBE ROAD-KAREEM ALABI • 11-BECKLEYINJ-T1-AGBE ROAD-ALHAJA KEHINDE
24/01/2022,Shomolu,Oworo,11 KV,Human,VANDALIZED CABLE ON BALOGUN 11KV FEEDER,BALOGUN
24/01/2022,Shomolu,Oworo,Not Specified,TCN,TCN LIMITATION,11-OWOROINJ-T1-ANTHONY 11-OWOROINJ-T1-HOSPITAL 11-OWOROINJ-T1-IFAKO 11-OWOROINJ-T2-LADILAC 11-OWOROINJ-T2-OWORO 11-OWOROINJ-T2-PEDRO 11-OWOROINJ-T3-BARIGA 11-OWOROINJ-T3-GBAGADA 11-OWOROINJ-T3-GTBANK 11-OGUDUINJ-T2-ORIOLA 11-OGUDUINJ-T3-SOLUYI 11-OGUDUINJ-T3
04/02/2022,Abule Egba,Iju,11 KV,Feeder,OUTAGE ON ROTIMI WILLIAMS (KAY FARMS) 11KV BILATERAL FEEDER,KAYFARM
07/02/2022,Akowonjo,OKE,Not Specified,Transformer (N/S),OUTAGE AFFECTING CUSTOMERS ON 11-AGEGEINJ-T1-OKO OBA,11-AGEGEINJ-T1-OKO OBA
13/02/2022,Shomolu,Olowora,11 KV,Feeder,FRO SAFE WORKING SPACE DUE TO WORK TO BE DONE ON RIVER VALLEY 11KV FEEDER,"OWUTU, AGRIC, ORI-OKUTA, MAJIDUN, ASOLO, ISAWO"
15/02/2022,Abule Egba,Ijaiye,Not Specified,Transformer,TO ENABLE IKEJAWEST CREW CARRYOUT ANNUAL PREVENTIVE MAINTENANCE ON T 2 60MVA,"ABULE EGBA, BECKLEY ESTATE, HAMADIYA. IJAYE OJOKORO, MERAN, OBAWOLE, FAGBA,IJU ROAD."
25/02/2022,Abule Egba,Fagba,Not Specified,HVDS,FAULT ON 11-BECKLEYINJ-T1-AGBE ROAD-SANNI BALOGUN HVDS 4,11-BECKLEYINJ-T1-AGBE ROAD-SANNI BALOGUN HVDS 4
28/02/2022,Abule Egba,Akute,Not Specified,Transformer (N/S),11-IJUINJ-T1-LAMBE,11-IJUINJ-T1-LAMBE
28/02/2022,Abule Egba,Akute,Not Specified,Transformer (N/S),11-IJUINJ-T1-JOLASCO,11-IJUINJ-T1-JOLASCO
01/03/2022,Abule Egba,Iju,Not Specified,Breaker,REPLACEMENT OF PANELS AND BREAKERS AT IJU ISS,"11-IJUINJ-T1-GALILEE, 11-IJUINJ-T1-ASORE, 11-IJUINJ-T2-ISHAGA, 11-IJUINJ-T2-WATER WORKS AND 11-IJUINJ-T2-AGBADO 1"
01/03/2022,Abule Egba,Iju,Not Specified,Breaker,REPLACEMENT OF PANELS AND BREAKERS AT IJU ISS,"11-IJUINJ-T1-GALILEE, 11-IJUINJ-T1-ASORE, 11-IJUINJ-T2-ISHAGA, 11-IJUINJ-T2-WATER WORKS AND 11-IJUINJ-T2-AGBADO 1"
03/03/2022,Abule Egba,Iju,Not Specified,Transformer,PLANNED OUTAGE REQUEST ON T1 300MVA OKE-ARO TS,OKE-ARO
04/03/2022,Abule Egba,Ijaiye,33 KV,Feeder,PLANNED OUTAGE REQUEST ON AMJE 33KV FEEDER,"AIT RD,IJAIYE, ALAKUKO WEST, YUSUFF,ABULE IROKO, AKERA, AMJE,KOLINGTON AND ENVIRONS"
06/03/2022,Abule Egba,Iju,11 KV,Substation,FAULT/DEFECTS AFFECTING MUDASHIRU 300KVA S/S ON GRAILAND 11KV FEEDER,"MUDASHIRU FARM, OLAMBE"
07/03/2022,Abule Egba,Ijaiye,33 KV,Feeder,OUTAGE ALERT ON ABEOKUTA 33KV FEEDER,ABEOKUTA
07/03/2022,Abule Egba,Iju,Not Specified,Feeder,OUTAGE ON OYEMEKUN AND IJU FEEDER CNN,OYEMEKUN AND IJU FEEDER CNN
07/03/2022,Akowonjo,Egbeda,Not Specified,Transformer,FAULT ON THE TRANSFORMER,ONANUBI CUSTOMERS
07/03/2022,Shomolu,Olowora,33 KV,Human,RUPTURED J&P AT DAVID COURT 500KVA ON AKUTE 33KV FEEDER,DAVID COURT 500KVA ON AKUTE 33KV FEEDER
09/03/2022,Shomolu,Ogudu,11 KV,Feeder,FEEDER FAULT - EXPRESS AND OGUDU 11KV,EXPRESS AND OGUDU 11KV
09/03/2022,Abule Egba,Fagba,Not Specified,DT,DT FAULT 11-IJAIYE OJOKOROINJ-T2-AGBADO 2-TENKOBO,11-IJAIYE OJOKOROINJ-T2-AGBADO 2-TENKOBO
10/03/2022,Shomolu,Oworo,33 KV,Feeder,PLANNED OUTAGE REQUEST ON ALAPERE 33KV FEEDER,ALAPERE 33KV FEEDER
11/03/2022,Abule Egba,Ijaiye,Not Specified,Feeder,OUTAGE ALERT ON AKERA 11KV FEEDER,AKERA 11KV FEEDER
11/03/2022,Abule Egba,Fagba,Not Specified,HVDS,FAULTY 11-IJAIYE OJOKOROINJ-T1-JANKARA-ZIPLUX HVDS 1 & 3,11-IJAIYE OJOKOROINJ-T1-JANKARA-ZIPLUX HVDS 1 & 3
12/03/2022,Shomolu,Mende,11 KV,Feeder,SYLVIA 11KV FEEDER POOR SUPPLY ALLOCATION (11-MARYLANDINJ-T3-SYLVIA),SYLVIA 11KV FEEDER (11-MARYLANDINJ-T3-SYLVIA)
13/03/2022,Abule Egba,Fagba,Not Specified,HVDS,FAULTY 11-IJAIYE OJOKOROINJ-T1-JANKARA-ZIPLUX HVDS 1 & 3,11-IJAIYE OJOKOROINJ-T1-JANKARA-ZIPLUX HVDS 1 & 3
13/03/2022,Akowonjo,GOWON-ESTATE,,Transformer,FAULTY 11-ALIMOSHOINJ-T6-ORELOPE-SAWMILL(PAKO) XLPE CABLES,11-ALIMOSHOINJ-T6-ORELOPE-SAWMILL(PAKO)
13/03/2022,Abule Egba,Fagba,11 KV,Transformer,FAULT ON 11-AGEGEINJ-T1-OKO OBA 11KV FEEDER,11-AGEGEINJ-T1-OKO OBA 11KV FEEDER
13/03/2022,Akowonjo,Orile-Agege,33 KV,Feeder,EMERGENCY OUTAGE ON AGEGE 33KV,AGEGEINJ-T1-OKO OBA
14/03/2022,Akowonjo,Orile-Agege,Not Specified,Transformer (N/S),PROLONGED OUTAGE ON TABON TABON AND PEN CINEMA,"AGEGE PEN CINEMA, TABON TABON"
14/03/2022,Akowonjo,Orile-Agege,Not Specified,Feeder,OYEMEKUN FEEDER CNN,OYEMEKUN FEEDER CNN
14/03/2022,Abule Egba,Ijaiye,33 KV,Feeder,PLANNED OUTAGE REQUEST ON AMJE 33KV FEEDER,"AIT RD,IJAIYE, ALAKUKO WEST, YUSUFF,ABULE IROKO, AKERA, AMJE,KOLINGTON AND ENVIRONS"
14/03/2022,Akowonjo,Ipaja,Not Specified,Transformer,OUTAGE ON POPOOLA 500KVA,POPOOLA
14/03/2022,Abule Egba,Adiyan,Not Specified,DT,FAULT AFFECTING CUSTOMERS ON EMILOJU 500KVA DT,EMILOJU
14/03/2022,Abule Egba,Ijaiye,Not Specified,TCN,OUTAGE ALERT DUE TO THE NATIONAL POWER GRID SYSTEM COLLAPSE,IJAIYE
16/03/2022,Abule Egba,Akute,33 KV,Feeder,PLANNED OUTAGE REQUEST ON LAMBE 33KV FEEDER,LAMBE
16/03/2022,Shomolu,Ilupeju,33 KV,Feeder,PLANNED OUTAGE REQUEST ON ILUPEJU 33KV FEEDER,Ilupeju
16/03/2022,Abule Egba,Akute,33 KV,Feeder,PLANNED OUTAGE REQUEST ON LAMBE 33KV FEEDER,LAMBE
17/03/2022,Akowonjo,Egbeda,Not Specified,TCN,SYSTEM COLLAPSE,CNN TO EGBEDA UT CUSTOMERS
17/03/2022,Akowonjo,Abule,33 KV,Feeder,PLANNED OUTAGE REQUEST ON ABULE TAYLOR 33KV FEEDER,"UTURN ROAD, ABULE EGBA ROAD, KATANJUWA MARKET, MEIRAN ROOAD, ILEKE ESTATE"
17/03/2022,Akowonjo,GOWON-ESTATE,Not Specified,Notification,CUSTOMERS NOTIFICATION ON POOR POWER SUPPLY,GOWON-ESTATE
17/03/2022,Akowonjo,GOWON-ESTATE,Not Specified,Notification,CUSTOMERS NOTIFICATION ON POOR POWER SUPPLY,GOWON-ESTATE
18/03/2022,Abule Egba,Iju,33 KV,Feeder,PLANNED OUTAGE REQUEST ON IJU WATER WORKS 33KV FEEDER,"OBAWOLE, ISHAGA, IJU ROAD & ENVIRON"
18/03/2022,Akowonjo,GOWON-ESTATE,33 KV,Feeder,OUTAGE REQUEST ON ABESAN 33KV FEEDER,"BARUWA, IPAJA RD, COMMAND RD, ABORU, ABESAN, SHAGARI EST AND ENVIRON"
18/03/2022,Akowonjo,Orile-Agege,33 KV,Feeder,PLANNED OUTAGE REQUEST TOWER IPAJA 33KV FEEDER,"NYSC, ARIGBANLA AND OYEWOLE ABORU, IYANA-IPAJA, OYEWOLE, AGEGE, DOPEMU, ADARANIJO, ARIGBANLA, NYSC CAMP"
19/03/2022,Abule Egba,Iju,Not Specified,DT,OUTAGE ON 11-IJUINJ-T2-ISHAGA-MOKIN DT,11-IJUINJ-T2-ISHAGA-MOKIN DT
19/03/2022,Abule Egba,Iju,Not Specified,DT,OUTAGE ON 11-IJUINJ-T2-ISHAGA-MOKIN DT,11-IJUINJ-T2-ISHAGA-MOKIN DT
22/03/2022,Shomolu,Igbobi,33 KV,Feeder,PLANNED OUTAGE REQUEST ON ILUPEJU IGBOBI 33KV FEEDER,"SHOMOLU, IKORODU ROAD, ILUPEJU AND OLATEJU AREA"
22/03/2022,Abule Egba,Ijaiye,11 KV,Feeder,OUTAGE AFFECTING YUSUF 11KV FEEDER,YUSUF 11KV FEEDER
24/03/2022,Abule Egba,Iju,Not Specified,HVDS,OUTAGE ON 11-OBAWOLEINJ-T1-YOUDEOWEI-1 LIJOKA STR HVDS,11-OBAWOLEINJ-T1-YOUDEOWEI-1 LIJOKA STR HVDS
25/03/2022,Abule Egba,Ijaiye,Not Specified,Transformer (N/S),OUTAGE ALERT ON 33-OTATCN-AMJE-FAGBEMI,33-OTATCN-AMJE-FAGBEMI
25/03/2022,Abule Egba,Ijaiye,Not Specified,Transformer (N/S),OUTAGE ALERT ON 33-OTATCN-AMJE-FAGBEMI,33-OTATCN-AMJE-FAGBEMI
25/03/2022,Abule Egba,Fagba,Not Specified,HVDS,11-BECKLEYINJ-T1-AGBE ROAD-ILE OGBO HVDS 10,ILE OGBO
25/03/2022,Abule Egba,Fagba,Not Specified,HVDS,11-BECKLEYINJ-T1-BECKLEY-ADEWUNMI ADU HVDS 2,ADEWUNMI ADU HVDS 2
26/03/2022,Akowonjo,Ayobo,33 KV,Feeder,PLANNED OUTAGE REQUEST ON AYOBO 33KV FEEDER,"ABESAN, AIYETORO"
27/03/2022,Akowonjo,Egbeda,33 KV,Feeder,PLANNED OUTAGE REQUEST ON SHASHA 33KV FEEDER,SHASHA
28/03/2022,Akowonjo,Ipaja,Not Specified,Transformer (N/S),OUTAGE ON FATOLU 500KVA,FATOLU
28/03/2022,Akowonjo,GOWON-ESTATE,Not Specified,DT,FAULTY ON FHA-2T4 DT,FHA-2T4 DT
29/03/2022,Abule Egba,iJAIye,Not Specified,Transformer (N/S),OUTAGE ALERT ON 11-YUSUFINJ-T2-AKERA-OWONIKOKO 1,11-YUSUFINJ-T2-AKERA-OWONIKOKO 1
30/03/2022,Akowonjo,ORIle-Agege,11 KV,Feeder,PROLONGED OUTAGE ON TABON TABON AND PEN CINEMA 11KV FEEDERS,"AGEGE PEN CINEMA, TABON TABON"
30/03/2022,Abule Egba,Akute,Not Specified,Feeder,OUTAGE ON ASORE FEEDER,ASORE
30/03/2022,Shomolu,Oworo,33 KV,Feeder,PLANNED OUTAGE REQUEST ON IGBOBI 33KV FEEDER,IGBOBI
30/03/2022,Shomolu,Ogudu,Not Specified,Transformer (N/S),NO SUPPLY ON 11-OGUDUINJ-T1-CAC-LSDPC 3,11-OGUDUINJ-T1-CAC-LSDPC 3
31/03/2022,Abule Egba,Adiyan,Not Specified,Transformer (N/S),OUTAGE ON IJOKO 500KVA,IJOKO
03/04/2022,Shomolu,Igbobi,Not Specified,DT,FAULT ON 11-IGBOBIINJ-T3-MUSHIN-COLE DT,11-IGBOBIINJ-T3-MUSHIN-COLE DT
06/04/2022,Shomolu,Olowora,33 KV,Human,TRUCK COLLISION WITH HT POLE AT OANDO ON OPIC 33KV FEEDER,BANKOLE 11KV FEEDER ISHERI 11KV FEEDER UNILAG 11KV FEEDER ORISHA 11KV FEEDER OPIC 33KV FEEDER
06/04/2022,Akowonjo,Aboru,Not Specified,Notification,NOTIFICATION OF PANEL REPLACEMENT TO CUSTOMERS,Alimosho
07/04/2022,Akowonjo,Ipaja,11 KV,Notification,"CNN MESSAGE TO CUSTOMERS ON AGBELE 11KV, AJASA 11KV AND OKE-ODO 11KV FEEDERS", 11-EKOROINJ-T2-AGBELE • 11-EKOROINJ-T1-AJASA • 11-EKOROINJ-T2-OKE ODO
07/04/2022,Akowonjo,Ipaja,Not Specified,Feeder,PROLONGED OUTAGE ON OYEWOLE AND NYSC FEEDERS,NYSC AND OYEWOLE
07/04/2022,Akowonjo,Abule,Not Specified,DT,DT ISOLATION NOTICE FOR DT UPRATING (EX. OGUNRONBI 300KVA T/F S/S),OGUNRONBI
07/04/2022,Akowonjo,Abule,Not Specified,DT,DT ISOLATION NOTICE FOR DT UPdATING OF EX. SITE & SERVICE 1 300KVA T/F S/S,WOLE OMO OSHO
07/04/2022,Akowonjo,Abule,Not Specified,DT,DT ISOLATION NOTICE FOR EX. VICTORIA 300KVA FOR DT UPRATING,ALIMOSHO
08/04/2022,Akowonjo,Dopemu,Not Specified,Transformer (N/S),FAULT ON 11-MONGOROINJ-T1-NEW DOPEMU-BABA PONMILE 500KVA,DOPEMU
08/04/2022,Abule Egba,Iju,Not Specified,HVDS,OUTAGE ON 5 TAIWO SHITTA STR HVDS,Iju
09/04/2022,Abule Egba,Akute,Not Specified,Notification,SYSTEM COLLAPSE NOTIFICATION TO AKUTE CUSTOMERS,AKUTE
10/04/2022,Akowonjo,abule,Not Specified,Transformer,OUTAGE ON T3-100MVA ALIMOSHO,ALIMOSHO
10/04/2022,Akowonjo,abule,Not Specified,Transformer,FAULTY DEVICE ON POWER TRANSFORMER,CNN NOTIFICATION ON FAULTY DEVICE ON POWER TRANSFORMER
13/04/2022,Akowonjo,abule,11 KV,Feeder,ABEOKUTA EXP 11 KV FEEDER OUT OF SUPPLY,ABEOKUTA
14/04/2022,Akowonjo,Ipaja,Not Specified,Transformer (N/S),OUTAGE ON ISOTO 2 500KVA,ISOTO
14/04/2022,Akowonjo,AIT,Not Specified,Notification,TECHNICAL FAULT NOTIFICATION TO CUSTOMERS ON LISABI STREET AND OMISESAN STREET,LISABI STREET AND OMISESAN STREET
15/04/2022,Akowonjo,Ipaja,Not Specified,Transformer (N/S),OUTAGE ON FATOLU 500KVA,FATOLU
16/04/2022,Akowonjo,GOWON-ESTATE,11 KV,Breaker,OUTAGE ON UNITY 11KV FEEDER DUE TO TCN FAULTY BREAKER,GOWON-ESTATE
16/04/2022,Akowonjo,abule,Not Specified,Transformer,T2-100MVA,"ALIMOSHO,OKUNOLA, WOLE OMOSHO, ORILE RD, ABULE/EGBA, POWERLINE PENCINEMA, TABON-TABON, OYEMEKUN"
16/04/2022,Akowonjo,abule,Not Specified,Transformer,OUTAGE ON T2 100MVA ALIMOSHO,"EGBEDA ,ABULE ODU, ORILE AGEGE, DOPEMU, IFAKO"
16/04/2022,Abule Egba,Adiyan,Not Specified,DT,OUTAGE AFFECTING PAARE ILUPEJU 300KVA DT,PAARE ILUPEJU
18/04/2022,Abule Egba,Fagba,Not Specified,Notification,NOTIFICATIONS TO CUSTOMERS,FAGBA
18/04/2022,Akowonjo,abule,Not Specified,Transformer,EMERGENCY OUTAGE ON T2 100MVA ALIMOSHO,"AGEGE, ALIMOSHO"
20/04/2022,Ikeja,Ifako,Not Specified,Notification,FAULT NOTIFICATION,Ifako
20/04/2022,Shomolu,Magodo,33 KV,Transformer,OUTAGE NOTiFICATION ON NUJ1 500KVA ON AKUTE 33KV FEEDER,AKUTE
20/04/2022,Akowonjo,abule,11 KV,Feeder,OUTAGE ON SHASHA 11KV FEEDER,SHASHA
21/04/2022,Shomolu,OWORO,Not Specified,Notification,NOTIFICATION FOR CUSTOMERS ON EMMANUEL DT,ALAPERE
22/04/2022,Abule Egba,FAGBA,Not Specified,Notification,NOTIFICATION TO CUSTOMERS,WILSON AGHEDO
22/04/2022,Ikeja,Oregun,Not Specified,DT, DT FAULT,11-NEW ALAUSAINJ-T6-OGUNDANA-ADEBOYE SHOLANKE
22/04/2022,Akowonjo,Oke,Not Specified,TCN,SUPPLY OUTAGE FROM TRANSMISSION,"EKORO, ARIGBANLA AND OKE-ODO"
23/04/2022,Akowonjo,Ayobo,33 KV,Feeder,PLANNED OUTAGE REQUEST ON ABULE TAYLOR 33KV FEEDER,"U-TURN, ABULE EGBA, KANTANGOWA, ABULE TAYLOR, MEIRAN ROAD AND ENVIRON"
23/04/2022,Akowonjo,Ayobo,33 KV,Planned,PLANNED OUTAGE REQUEST ON EKORO 33KV FEEDER,"OKE ODO, AJASA, EKORO, AGBELE, OLOTA , OKO OBA, IJU ROAD,BADA,ITELE,KOLOBA, FADAYOMI"
23/04/2022,Abule Egba,adiyan,33 KV,Planned,PLANNED OUTAGE REQUEST ON YIDI 33KV FEEDER,"OPEILU,ADIYAN, IJOKO, ABORO, K-FARM ESTATE, OLD AKUTE ROAD & ENVIRON"
23/04/2022,Shomolu,oworo,Not Specified,DT,OUTAGE ON KOLA OLADUNJOYE 500KVA DT,11-OGUDUINJ-T2-ORIOLA
23/04/2022,Shomolu,oworo,Not Specified,DT,OUTAGE ON KOLA OLADUNJOYE 500KVA DT,11-OGUDUINJ-T2-ORIOLA
24/04/2022,Abule Egba,adiyan,11 KV,Feeder,PROLONGED OUTAGE AFFECTING CUSTOMERS ON OPEILU 11KV FEEDER,OPEILU
25/04/2022,Akowonjo,Dopemu,33 KV,Feeder,OUTAGE ON DUNLOP 33KV,"KOWONJO ROUND AROUND, CENENT, AJAYI FARM, MANGORO AREA, CAPITOL ROAD, OLAYIWOLA STREET, UNION ROAD, IKUOMOLA STREET"
26/04/2022,Abule Egba,Akute,33 KV,Feeder,AKUTE 33KV FEEDER ON FAULT,AKUTE
26/04/2022,Ikeja,OJODU,Not Specified,Planned,EMERGENCY OUTAGE,OJODU
28/04/2022,Ikeja,OJODU,Not Specified,Planned,FAULT,RIVER VALLEY AND EXPRESS
28/04/2022,Shomolu,OWORO,11 KV,Feeder,WESTEX 11KV FEEDER ON FAULT,WESTEX
29/04/2022,Shomolu,Magodo,33 KV,Feeder,FAULT AFFECTING A PORTION OF OPIC 33KV FEEDER,OPIC- 33-ALAUSATCN-OPIC-CHELSEA 33-ALAUSATCN-OPIC-ISHERI OLOFIN 2 33-ALAUSATCN-OPIC-ISHERI OLOFIN 1 33-ALAUSATCN-OPIC-HARMONY VILLAS 33-ALAUSATCN-OPIC-WIHU LTD 1 33-ALAUSATCN-OPIC-SINOPOLY 33-ALAUSATCN-OPIC-GREAT SINO 33-ALAUSATCN-OPIC-GOLDEN SPRING HOTEL 33-ALAUSATCN-OPIC-GERADISCO 33-ALAUSATCN-OPIC-DYNASTY FURNITURE COMPANY 33-ALAUSATCN-OPIC-COREANA NIG. LTD. 33-ALAUSATCN-OPIC-B.A. KHOLON NIG LTD
29/04/2022,Abule Egba,FAGBA,Not Specified,Feeder,FAULT AFFECTING 11-AGEGEINJ-T1-OKO OBA-ORONA 2,OKO-OBA
29/04/2022,Abule Egba,AKUTE,Not Specified,Feeder,FAULT/DEFECTS AFFECTING JEHOVAH SHALOM 2 ON JOLASCO 11KV FEEDER,JOLASCO
04/05/2022,Akowonjo,Ayobo,Not Specified,Human,VANDALIZED 11-AYETOROINJ-T1-BADA-IJAN ROAD,11-AYETOROINJ-T1-BADA-IJAN ROAD
04/05/2022,Akowonjo,AYobo,Not Specified,Transformer (N/S),BURNT 11-AYETOROINJ-ITELE-AYOLO XLPE CABLE,11-AYETOROINJ-ITELE-AYOLO
04/05/2022,Akowonjo,AYobo,Not Specified,Transformer (N/S),BURNT 11-AYETOROINJ-ITELE-AYOLO XLPE CABLE,11-AYETOROINJ-ITELE-AYOLO
04/05/2022,Akowonjo,ORIle-Agege,Not Specified,Transformer (N/S),PROLONGED OUTAGE ON 11-AGEGEINJ-T3-PEN CINEMA,AGEGE PEN CINEMA
06/05/2022,Akowonjo,Aboru,Not Specified,Notification,CNN MESSAGE TO ARIGBANLA 11KV CUSTOMERS,ARIGBANLA
06/05/2022,Shomolu,Ilupeju,Not Specified,Human,FALLEN POLES ON FEEDER,11-ILUPEJUINJ-T3-COKER-SURA MOGAJI 1 11-ILUPEJUINJ-T3-COKER-SURA MOGAJI 2 11-ILUPEJUINJ-T3-COKER-OBA ADETONA 11-ILUPEJUINJ-T3-COKER-KEHINDE AKAMO 11-ILUPEJUINJ-T3-COKER-TRAFFIC LIGHT 11-ILUPEJUINJ-T3-COKER-SERE CLOSE 11-ILUPEJUINJ-T3-COKER-AYODELE OJO 11-ILUPEJUINJ-T3
07/05/2022,Abule Egba,FAGBA,Not Specified,Notification,NOTIFICATION TO CUSTOMERS (AMUSAN HVDS 6),OKO-OBA
10/05/2022,Akowonjo,GOWON-ESTATE,,Human,FALLEN HT WOODEN POLE AT AKINYELE BUS STOP GOWON ESTATE UT,AKINYELE BUS STOP GOWON ESTATE UT
11/05/2022,Abule Egba,FAGBA,Not Specified,Notification,NOTIFICATION TO CUSTOMERS,FAGBA
12/05/2022,Abule Egba,FAGBA,Not Specified,Transformer (N/S),FAULT AFFECTING 11-BECKLEYINJ-T1-BECKLEY-AINA 1,11-BECKLEYINJ-T1-BECKLEY-AINA 1
13/05/2022,Shomolu,Ilupeju,Not Specified,Notification,CUSTOMER NOTIFICATION NEEDED,"OREMEJI STREET, OBANLE ARO STREET, AKINSETE DRIVE"
13/05/2022,Akowonjo,ipaja,Not Specified,Planned,EMERGENCY OUTAGE ON T2-100MVA SECONDARY BREAKER ALIMOSHO TS,"ALIMOSHO ROAD , AKOWONJO ROUND ABOUT, OKUNOLA AREA, ORILE ROAD ,OWOLEWA, MAPPLE WOOD, ABBATTOR, WILLIAMS ESTATE, AMOO RD, IPAJA RD OKO BOA , DOPEMU RD, GOWON ESTATE, OLORUN ADABA, AGBELE ENVIRON, OKUNOLA"
15/05/2022,Shomolu,Ilupeju,Not Specified,Transformer (N/S),FAULT ON 11-ILUPEJU BYPASSINJ-T1-BYPASS 11-ILUPEJU BYPASSINJ-T1-INDUSTRIAL 11-ILUPEJU BYPASSINJ-T1-OBANIKORO,"INDUSTRIAL AVENUE, ILUPEJU BYPASS, CRYSTAL ESTATE, TOWN PLANNING WAY, OBANIKORO AND ESTHER OSHIYEMI STREET"
17/05/2022,Abule Egba,adiyan,Not Specified,DT,FAULT AFFECTING CUSTOMERS ON MUTA 3 500KVA DT,MUTA
21/05/2022,Abule Egba,FAGBA,11 KV,Feeder,OUTAGE ALERT: BOOKS 11KV FEEDER,BOOKS
21/05/2022,Abule Egba,AKUTE,Not Specified,Feeder,OUTAGE ON ISHASHI FEEDER,ISHASHI
22/05/2022,Abule Egba,IJU,Not Specified,Feeder,OUTAGE ON 11-OBAWOLEINJ-T1-YOUDEOWEI FEEDER,OBAWOLE
27/05/2022,Akowonjo,AYobo,Not Specified,Transformer (N/S),FAULT ON 11-AYETOROINJ-T1-ITELE-IREPODUN,ITELE
06/06/2022,Akowonjo,abule,Not Specified,DT,FATAI DT FAULT,11-ALIMOSHOINJ-T4-AKOWONJO
09/06/2022,Akowonjo,AIT,Not Specified,DT,DT FAULT,AIT
13/06/2022,Akowonjo,abule,Not Specified,Transformer (N/S),OUTAGE ON 11-SHASHAINJ-T1-COKER ESTATE,"ORELOPE, ABULE ODU"
16/06/2022,Abule Egba,iju,Not Specified,HVDS,OUTAGE ON 14 ALHAJI AJISAFE HVDS,11-OBAWOLEINJ-T1-YOUDEOWEI
18/06/2022,Akowonjo,abule,11 KV,Feeder,FAULTY OGUNTADE 11KV FEEDER,SHASHA
20/06/2022,Abule Egba,adiyan,11 KV,Feeder,fAULT AFFECTING CUSTOMERS ON IJOKO 11KV FEEDER,ADIYAN
22/06/2022,Akowonjo,ait,11 KV,Feeder,OUTAGE ON AGBEFA 11KV FEEDER,ait
25/06/2022,Abule Egba,lambe,Not Specified,DT,DT FAULT,matogun
26/06/2022,Akowonjo,Egbeda,Not Specified,Notification,REQUEST FOR NOTIFICATION,EGBEDA; ALIMOSHO
27/06/2022,Akowonjo,abule,Not Specified,Human,VANDALISED CABLE AT OWOMIDE 500KVA SUBSTATION,abule odu
27/06/2022,Akowonjo,abule,Not Specified,Transformer (N/S),11-ABULE TAYLORINJ-T1-WALTER ANDERM-OREMEJI ON FAULT,ABULE TAYLOR
27/06/2022,Abule Egba,FAGBA,Not Specified,Notification,NOTIFICATION TO CUSTOMERS,FAGBA
30/06/2022,Shomolu,Magodo,Not Specified,Feeder,11-MAGODOINJ-T1-EMMANUEL KESHI FEEDER OUT ON FAULT,MAGODO
02/07/2022,Shomolu,OWORO,Not Specified,Notification,CUSTOMER NOTIFICATION NEEDED,AKOKA
02/07/2022,Abule Egba,ADIYAN,Not Specified,DT,FAULT AFFECTING CUSTOMERS ON ITOKI 500KVA DT,ITOKI
04/07/2022,Akowonjo,AIT,Not Specified,DT,DT FAULT,AIT
05/07/2022,Ikeja,PTC,Not Specified,Transformer,FAULT ON ODUDUWA CRESCENT I 500KVA,
06/07/2022,Abule Egba,IJU,Not Specified,Transformer (N/S),OUTAGE ON 44 IJU ROAD (OKE ONA),IJU
06/07/2022,Shomolu,Magodo,Not Specified,DT,DT FAULT,JUBRIL LIADI
06/07/2022,Shomolu,IKOSI,Not Specified,DT,"SAMUEL DUROJAIYE 500KVA DT , IKOSI FEEDER",IKOSI
06/07/2022,Abule Egba,ADIYAN,Not Specified,DT,DT FAULT,ADIYAN
07/07/2022,Abule Egba,ADIYAN,Not Specified,Feeder,OUTAGE ON 11-YIDIINJ-T1-OSOBA FEEDER,ADIYAN
08/07/2022,Akowonjo,ABORU,Not Specified,Feeder,FEEDER FAULT ON 33-AYOBOTCN-ABULE TAYLOR,ABORU
09/07/2022,Akowonjo,OKE,Not Specified,Feeder,POWER OUTAGE,OKE ODO
09/07/2022,Akowonjo,ABULE,Not Specified,Feeder,POWER OUTAGE,ABULE TAYLOR
09/07/2022,Abule Egba,FAGBA,Not Specified,Notification,NOTiFICATION TO CUSTOMERS,FAGBA
09/07/2022,Abule Egba,FAGBA,Not Specified,Notification,NOTiFICATION TO CUSTOMERS,OKO OBA
09/07/2022,Shomolu,Igbobi,Not Specified,Feeder,FEEDER FAULT,IGBOBI
11/07/2022,Abule Egba,ADIYAN,Not Specified,DT,DT FAULT,DAVID CAMP
12/07/2022,Shomolu,OWORO,Not Specified,Notification,CUSTOMER NOTIFICATION NEEDED,OWORO
12/07/2022,Shomolu,MAGODO,Not Specified,Notification,OUTAGE NOTIFICATION ON UNILAG 1 300KVA ON UNILAG FEEDER,UNILAG
13/07/2022,Akowonjo,ABULE,Not Specified,DT,DT FAULT,ABULE ODU
14/07/2022,Ikeja,ANIFOWOSHE,Not Specified,Notification,REQUEST FOR CUSTOMER NOTIFICATION,"ALAUSA, OPEBI, OREGUN"
17/07/2022,Shomolu,KETU,Not Specified,Human,PUNCTURED INTERCONNECTOR CABLE FAULT,KETU AND ENVIRONS
20/07/2022,Shomolu,MAGODO,Not Specified,Notification,OUTAGE NOTIFICATION ON ISHERI NORTH 1 ON AKUTE FEEDER.,ISHERI NORTH
20/07/2022,Akowonjo,ABORU,Not Specified,DT, DT FAULT,ABORU
22/07/2022,Abule Egba,IJU,Not Specified,DT,"OUTAGE ON 11-OBAWOLEINJ-T1-YOUDEOWEI-MITCHEL 500KVA DT, 11-YIDIINJ-T1-OSOBA-ARE-AGO 500KVA DT",IJU
22/07/2022,Abule Egba,lambe,11 KV,Substation,FAULT/OUTAGE AFFECTING SWEET JESUS 50KVA S/S ON JOLASCO 11KV FEEDER,LAMBE
28/07/2022,Shomolu,Ilupeju,Not Specified,Notification,CUSTOMER NOTIFICATION NEEDED,ILUPEJU
29/07/2022,Shomolu,OLATEJU,Not Specified,DT,DT FAULT,OLOSAN POLICE BARRACK
30/07/2022,Akowonjo,ORIle-Agege,Not Specified,Feeder,FEEDER FAULT,AGEGE
31/07/2022,Ikeja,OREGUN,Not Specified,DT,DT FAULT,ALLEN
01/08/2022,Ikeja,OREGUN,Not Specified,DT,DT FAULT,UAC-SANYAOLU DT
01/08/2022,Ikeja,OGBA,Not Specified,Substation,FAULT AT TOKUNBO ALLI 500KVA S/S,11-PTCINJ-T1-OPEBI-TOKUNBO ALLI
03/08/2022,Abule Egba,AKUTE,Not Specified,DT,DT FAULT,GBADAMOSI
04/08/2022,Abule Egba,FAGBA,Not Specified,DT,DT FAULT,FUNSHO OWOYEMI
05/08/2022,Shomolu,OLATEJU,Not Specified,Transformer (N/S),FAULT ON 11-MUSHININJ-T1-MUSHIN 2-AWOYEJO,OLATEJU
06/08/2022,Akowonjo,ABULE,Not Specified,DT,DT FAULT,"ABULE ODU UNDERTAKING, SOSANYA DT"
06/08/2022,Abule Egba,FAGBA,Not Specified,Feeder,FEEDER FAULT,FAGBA
07/08/2022,Akowonjo,ABULE,Not Specified,DT,DT FAULT,11-ALIMOSHOINJ-T1-ORELOPE-KARIMU LAKA
08/08/2022,Ikeja,OREGUN,Not Specified,Notification,REQUEST FOR NOTIFICATION,"IFAKO, OREGUN"
11/08/2022,Abule Egba,AKUTE,Not Specified,Breaker,SHATTERED INSULATOR/BUSHING AT 33-OKE-AROTCN-AKUTE-MERIDIAN PARK SKIPPER PANEL,MERIDIAN PARK
11/08/2022,Ikeja,OJODU,Not Specified,DT,11-OJODUINJ-T1-ALAGBOLE-JIBEWA 500KVA DT ON FAULT,OJODU
14/08/2022,Shomolu,MAGODO,Not Specified,Transformer,OUTAGE ON MAGODO T1 15MVA,MAGODO
15/08/2022,Ikeja,OBA,Not Specified,Feeder,FAULT OUTAGE,RIVER VALLEY AND EXPRESS
15/08/2022,Abule Egba,IJU,Not Specified,HVDS,OUTAGE ON 4 IYABO WILIAMS HVDS,IJU
16/08/2022,Akowonjo,EGBEDA,Not Specified,Notification,REQUEST FOR NOTIFICATION,11-ALIMOSHOINJ-T6-SHASHA-BAYO OSIBELUWO 500KVA
16/08/2022,Akowonjo,ABULE,11 KV,Feeder,BAD WOODEN POLE ON SHASHA 11KV FEEDER,"SHASHA, ABULE ODU"
16/08/2022,Ikeja,ANIFOWOSHE,Not Specified,Transformer (N/S),FAULT ON ORIMOLADE II 300KVA,ORIMOLADE
18/08/2022,Shomolu,MAGODO,33 KV,Feeder,OUTAGE ON MAGODO 33KV FEEDER,MAGODO
19/08/2022,Ikeja,OGBA,Not Specified,TCN,tRIPPING ON T3-60MVA OGBA TCN AFFECTING ADENIYI JONES ISS,TCN AFFECTING ADENIYI JONES ISS
20/08/2022,Abule Egba,IJU,33 KV,Feeder,EMERGENCY OUTAGE ON OLD IJU WATER WORKS 33KV FFEEDER,"IKEJA, IJU"
22/08/2022,Ikeja,OBA,11 KV,Feeder,OUTAGE ON OBA AKRAN 11KV FEEDER,OBA AKRAN
23/08/2022,Ikeja,OREGUN,Not Specified,Transformer,OUTAGE ON T3 60MVA ALAUSA TS,"MARWA GARDEN,AGIDINGBI RD OMOLE ESTATE,7UP RD, OJODU"
23/08/2022,Abule Egba,lambe,11 KV,Substation,FAULT/OUTAGE AFFECTING CSP 1 LIASU ATILOLA 50KVA S/S ON JOLASCO 11KV FEEDER,LAMBE
23/08/2022,Abule Egba,AKUTE,Not Specified,Substation,OUTAGE ALERT: ABULE IROKO INJECTION STATION,AKUTE
24/08/2022,Abule Egba,ADIYAN,Not Specified,DT,FAULT AFFECTING MAKINDE 500KVA DT,MAKINDE 
24/08/2022,Shomolu,Ilupeju,132 KV,Planned,PLANNED OUTAGE REQUEST ON ILUPEJU/AKANGBA 132KV LINE,ILUPEDJU/AKANGBA
24/08/2022,Ikeja,OREGUN,33 KV,Planned,PLANNED OUTAGE REQUEST ON MARYLAND ALAUSA 33KV FEEDER,"WASIMI, MARYLAND AND ENVIRON, LAGOS /IBADAN EXPRESS ROAD"
25/08/2022,Ikeja,OGBA,Not Specified,Transformer,OUTAGE ON T3 60MVA OGBA TCN,"IFAKO, OGBA, ANIFOWOSHE, PTC, IJU"
25/08/2022,Ikeja,ANIFOWOSHE,Not Specified,Transformer,EMERGENCY OUTAGE ON T1 45MVA ALAUSA,ALAUSA 
25/08/2022,Akowonjo,ABULE,Not Specified,Transformer (N/S),FAULTY 11-SHASHAINJ-T1-COKER-ORCHARD PALACE 2 500KVA,11-SHASHAINJ-T1-COKER-ORCHARD PALACE 2 500KVA
26/08/2022,Ikeja,OBA,Not Specified,Planned,PLANNED OUTAGE,OMOLE
29/08/2022,Akowonjo,ABORU,33 KV,Feeder,OUTAGE ON IPAJA EKORO 33KV,"OKE-ODO, OLD OTTA ROAD, AJASA AREA, EKORO ROAD, AGBELE ROAD"
29/08/2022,Akowonjo,ABORU,Not Specified,Transformer,OUTAGE ON T2 100MVA TRANSFORMER ALIMOSHO TS,"ALIMOSHO ROAD , AKOWONJO ROUND ABOUT, OKUNOLA AREA, ORILE ROAD ,OWOLEWA, MAPPLE WOOD, ABBATTOR, WILLIAMS ESTATE, AMOO RD, IPAJA RD OKO BOA , DOPEMU RD, GOWON ESTATE, OLORUN ADABA, AGBELE ENVIRON, OKUNOLA, ABULE ODU, ORILE AGEGE,"
05/09/2022,Ikeja,OKEIRA,33 KV,Planned,PLANNED OUTAGE REQUEST ON CISCO 33KV FEEDER,"OKE IRA, IFAKO, OGBA"
05/09/2022,Ikeja,OBA,33 KV,Planned, PLANNED OUTAGE REQUEST ON ALAUSA 33KV FEEDER,"AWOLOWO WAY, BILLINGS WAY, OMOLE, LATEEF JAKANDE, AGIDINGBI, ABIOLA ESTATE. UAC, ELEGANZA"
07/09/2022,Abule Egba,ADIYAN,Not Specified,Planned,PLANNED OUTAGE ON T6 60MVA OKE ARO TS,"OPEILU, AGBADO, ASORO, WATERWORKS, ABORO, ISHAGA, AJUWON, GALILEE, GRAILAN ESTATE, IJOKO, CROSSING AND ENVIRONS"
08/09/2022,Ikeja,OREGUN,33 KV,Feeder,OUTAGE ON OPEBI 33KV,"OPEBI, OREGUN OLUSOSUN"
10/09/2022,Shomolu,ketu,132 KV,Planned,PLANNED OUTAGE MARYLAND 132KV LINE,"OWODE ONIRIN, IRAWO, AJEGUNLE, OJOTA, MARYLAND, IKEJA GRA, KETU, AGILITI AND MILE 12"
10/09/2022,Ikeja,OREGUN,33 KV,Planned,PLANNED OUTAGE ON NEW ALAUSA 33KV,"AWOLOWO WAY, BILLINGS WAY, OMOLE, LATEEF JAKANDE, AGIDINGBI, ABIOLA ESTATE. UAC, ELEGANZA"
10/09/2022,Shomolu,KETU,Not Specified,Notification,OUTAGE NOTIFICATION,MENDE IKOSI KETU OGUDU
13/09/2022,Ikeja,OGBA,Not Specified,Transformer,OUTAGE ON T3 60MVA OGBA TS,"IFAKO, OBAWOLE, AJAO, ANIFOWOSE"
14/09/2022,Akowonjo,ABULE,Not Specified,Transformer,EMERGENCY OUTAGE ON T2 100MVA ALIMOSHO TS,"ALIMOSHO ROAD , AKOWONJO ROUND ABOUT, OKUNOLA AREA, ORILE ROAD , OWOLEWA, MAPPLE WOOD, ABBATTOR, WILLIAMS ESTATE, AMOO RD, IPAJA RD OKO BOA , DOPEMU RD, GOWON ESTATE, OLORUN ADABA, AGBELE ENVIRON, OKUNOLA, ABULE ODU, ORILE AGEGE"
20/09/2022,Ikeja,OJODU,Not Specified,Substation,WAKATI ADURA I 500KVA SUBSTATION ON FAULT.,"WAKIITI, OJODU"
21/09/2022,Shomolu,OWORO,Not Specified,Notification,REQUEST TO NOTIFY OUR CUSTOMERS ON 11-OWOROINJ-T1-HOSPITAL-GLORY ESTATE DT OF THE REASON FOR THEIR OUTAGE. TICKET NO SR-3745407,OWORO
30/09/2022,Shomolu,Igbobi,Not Specified,Notification,CUSTOMER NOTIFICATION NEEDED,11-IGBOBIINJ-T3-RAILWAY
01/10/2022,Ikeja,ANIFOWOSHE,Not Specified,Transformer,EMERGENCY OUTAGE ON T3 60MVA OGBA TS,"IFAKO, OBAWOLE, AJAO, ANIFOWOSE"
01/10/2022,Abule Egba,IJU,Not Specified,HVDS,OUTAGE ON 8 IJU ROAD HVDS,8 IJU ROAD HVDS
02/10/2022,Ikeja,OREGUN,Not Specified,Transformer,T1 45MVA OPENED ON EMERGENCY,"ALLEN, OREGUN, SIYANBOLA, MORRISON, ALAUSA, KUDIRAT, AGBAOKU, SALVATION, OLUSOSUN"
03/10/2022,Akowonjo,AYobo,33 KV,Planned,PLANNED OUTAGE REQUEST ON ABESAN 33KV FEEDER,
03/10/2022,Akowonjo,AYOBO,Not Specified,Planned,"PLANNED OUTAGE REQUEST ON T1-60MVA, AYOBO TS",AYOBO
05/10/2022,Akowonjo,AYOBO,Not Specified,Planned,"PLANNED OUTAGE REQUEST ON T1-60MVA, AYOBO TS",AYOBO
05/10/2022,Shomolu,KETU,Not Specified,Transformer (N/S),POWER OUTAGE ON ORIOLA II 500KVA,ORIOLA
05/10/2022,Abule Egba,ADIYAN,33 KV,Planned,PLANNED OUTAGE REQUEST ON YIDI 33KV FEEDER,"YIDI,OPEILU & OBAWOLE"
06/10/2022,Akowonjo,ABULE,Not Specified,Transformer,EMERGENCY OUTAGE ON T2 100MVA ALIMOSHO,ALIMOSHO
07/10/2022,Akowonjo,ABULE,33 KV,Feeder,PLANNED OUTAGE REQUEST ON ABULE TAYLOR 33KV FEEDER,ABULE TAYLOR
07/10/2022,Ikeja,OREGUN,Not Specified,Transformer,EMERGENCY OUTAGE ON T3 60MVA TRANSFORMER AT ALAUSA TS,ALAUSA
08/10/2022,Akowonjo,EGBEDA,Not Specified,Transformer, OUTAGE ON T2 100MVA TRANSFORMER ALIMOSHO,ALIMOSHO
08/10/2022,Akowonjo,IPAJA,11 KV,Feeder,OUTAGE ON IGE 11KV AND ISOTO 11KV FEEDERS,"IGE, ISOTO"
09/10/2022,Ikeja,anifOWOSHE,33 KV,Planned,PLANNED OUTAGE REQUEST ON OPEBI 33KV FEEDER,"AGBAOKU,SALVATION, OLUSOSUN"
09/10/2022,Shomolu,Olowora,Not Specified,Transformer (N/S),FAULTY 11-ISHERIINJ-T1-ISHERI-PASTOR FRED WITH LOW INSULATION RESISTANCE,ISHERI
09/10/2022,Akowonjo,AYOBO,33 KV,Planned,PLANNED OUTAGE REQUEST ON ABESAN 33KV FEEDER,ABESAN
10/10/2022,Shomolu,MAGODO,11 KV,Feeder,MAIDAN 500KVA ON AGILITI 11KV FEEDER IS OUT ON FAULT,MAIDAN
21/10/2022,Shomolu,KETU,Not Specified,Notification,CNN REQIRED,"ANTHONY, KETU"
21/10/2022,Ikeja,OJODU,33 KV,Breaker,TCN BREAKER FAULT ON OJODU 33KV FEEDER,"OJODU, BERGER"
25/10/2022,Abule Egba,IJU,33 KV,Feeder,EMERGENCY OUTAGE ON NEW IJU 33KV FEEDER,IJU
27/10/2022,Akowonjo,AYOBO,33 KV,Feeder,PLANNED OUTAGE REQUEST ON AMIKANLE 33KV FEEDER,AMINKALE
27/10/2022,Ikeja,PTC,33 KV,Feeder,EMERGENCY OUTAGE ON MARYLAND PTC 33KV,"MARYLAND, PTC"
29/10/2022,Ikeja,OREGUN,Not Specified,Transformer,EMERGENCY OUTAGE ON T3 60MVA TRANSFORMER AT ALAUSA TS,"MARWA GARDEN, AGIDINGBI, OMOLE, MAGODO ESTATE, CMD ROAD, ISHERI"
30/10/2022,Ikeja,PTC,11 KV,Breaker,FAULTY OPEBI 11KV BREAKER,OPEBI
30/10/2022,Ikeja,OGBA,Not Specified,Transformer,"PLANNED OUTAGE REQUEST ON T4, 100MVA OGBA TS",OGBA
01/11/2022,Shomolu,OGUDU,Not Specified,Notification,CNN REQUIRED FOR KUJORE 2 500KVA S/S,OGUDU
03/11/2022,Ikeja,PTC,33 KV,Feeder,OUTAGE ON MARYLAND PTC 33KV FEEDER,"ODUDUWA WAY, ADEKUNLE FAJUYI (PART), ABIEYUWA AMADASUN STREET, ODUDUWA CRESCENT (PART), SASEGBON STREET, SOBO AROBIODUN STREET (PART), REMI FANI KAYODE AVENUE (PART), ODUDUWA STREET, ISAAC JOHN ROAD, MOBOLAJI BANK ANTHONY WAY (PART)"
03/11/2022,Ikeja,OJODU,33 KV,Feeder,EMERGENCY OUTAGE ON OJODU 33KV,"OJODU, LAGOS-IBADAN EXP"
03/11/2022,Oshodi,IJEGUN,Not Specified,Breaker,ISHERI BRAKER FAULTY,ISHERI-OSHUN
04/11/2022,Ikeja,OGBA,Not Specified,Transformer,EMERGENCY OUTAGE ON T3 60MVA OGBA TS," IFAKO, MONGORO, OBA AKRAN, AGEGE, AJAO, ADENIYI JONES, ANTHONY YOUDEIOWEI, TOPE SHONUBI, ROTIMI WILLIAMS, OSOBA, OPE-ILU"
05/11/2022,Akowonjo,goWON-ESTATE,Not Specified,Transformer (N/S),LOW OIL BREAKDOWN VOLTAGE VALUE.,ALHAJIIDOWU DT AND CASH DT
05/11/2022,Akowonjo,GOWON-ESTATE,Not Specified,DT,FHA3 500KVA DTS DROPPED 3NO JNP AND WILL REQUIRE THOROUGH FORENSIC TEST INVESTIGATIONS BEFORE RESTORATION,FHA3 500KVA DT
05/11/2022,Abule Egba,iJAIye,33 KV,Breaker,33KV BREAKER FAULT AWAITING TCN CREW ATTENTION,ABEOKUTA-EXP
06/11/2022,Shomolu,oworo,Not Specified,Notification,REQUEST TO NOTIFY OUR CUSTOMERS ON 11-OWOROINJ-T3-GBAGADA FEEDER THE REASON FOR THEIR OUTAGE,GBAGADA
06/11/2022,Ikeja,OGBA,132 KV,Feeder,TRIPPING ON ALIMOSHO OGBA 132KV LINE,"IKEJA, GRA, OGBA ABULE EGBA AND ENVIRON"
08/11/2022,Abule Egba,FAGBA,33 KV,Feeder,EMERGENCY OUTAGE ON IPAJA-EKORO 33KV FEEDER,IPAJA-EKORO
08/11/2022,Ikeja,OGBA,Not Specified,Transformer,EMERGENCY OUTAGE ON T3 60MVA OGBA TS,OGBA
08/11/2022,Abule Egba,IJAIYE,Not Specified,Transformer,EMERGENCY OUTAGE ON T2-60MVA OTA TS,OTA
08/11/2022,Ikeja,IFAKO,Not Specified,Feeder,OUTAGE ON 11KV FEEDER,IFAKO
09/11/2022,Ikeja,PTC,Not Specified,Transformer (N/S),FAULT ON AINA ELEKO 500KVA,AINA ELEKO
09/11/2022,Shomolu,OLAWORA,Not Specified,Transformer (N/S),LOW INSULATION AT 11-OLOWORAINJ-T1-UNILAG-UNILAG 1,UNILAG
10/11/2022,Oshodi,OKOTA,Not Specified,Transformer,EMERGENCY OUTAGE ON T2 60MVA ITIRE,ITIRE
10/11/2022,Akowonjo,DOPEMU,Not Specified,Transformer,EMERGENCY OUTAGE ON T2 100MVA ALIMOSHO,ALIMOSHO
10/11/2022,Abule Egba,AKUTE,Not Specified,Transformer (N/S),OUTAGE ON 11-IJUINJ-T1-AKUTE-GBADAMOSI,AKUTE
11/11/2022,Ikeja,PTC,33 KV,Feeder,FAULT ON MARYLAND PTC 33KV FEEDER & T2 60MVA,"MARYLAND, PTC"
11/11/2022,Shomolu,MENDE,Not Specified,Transformer,OUTAGE ON T2 60MVA MARYLAND TS,MARYLAND 
11/11/2022,Akowonjo,IPAJA,33 KV,Breaker,TCN BREAKER FAULT ON IPAJA 33KV FEEDER,IPAJA 
11/11/2022,Abule Egba,IJU,33 KV,Planned,PLANNED OUTAGE REQUEST ON NEW IJU 33KV,IJU
11/11/2022,Ikeja,OREGUN,33 KV,Planned,PLANNED OUTAGE REQUEST ON NEW ALAUSA 33KV,ALAUSA
11/11/2022,Ikeja,OGBA,33 KV,Feeder,FAULT ON CISCO 33KV FEEDER,CISCO
11/11/2022,Abule Egba,FAGBA,Not Specified,Transformer,EMERGENCY OUTAGE ON T5 AND T6 60MVA OKE ARO TS,OKE-ARO
11/11/2022,Oshodi,AJAO,Not Specified,Notification,CNN ON AJIBADE BABATOLA AND ENVIRONS CUSTOMERS,AJIBADE BABATOLA AND ENVIRONS
11/11/2022,Ikeja,OGBA,33 KV,Feeder,FAULT ON CISCO 33KV FEEDER,CISCO
13/11/2022,Oshodi,AMUWO,132 KV,Feeder,OUTAGE ON AMUWO 132KV LINE,AMUWO
13/11/2022,Abule Egba,LAMBE,33 KV,Feeder,EMERGENCY OUTAGE ON LAMBE 33KV FEEDER,LAMBE
14/11/2022,Ikeja,OBA,11 KV,Feeder,OUTAGE REQUEST ON EXPRESS 11KV PREMIUM FEEDER DUE TO PLANNED OUTAGE ON OJODU 33KV FEEDER.,EXPRESS
14/11/2022,Ikeja,OBA,33 KV,Feeder,PREVENTIVE MAINTENANCE ON OJODU 33KV FEEDER.,OJODU
18/11/2022,Ikeja,OBA,Not Specified,TCN,FAULT ON 33-ALAUSATCN-OPIC,ALAUSA
19/11/2022,Ikeja,OKEIRA,Not Specified,HVDS,SHOFIDIYA CL 1 HVDS 25KVA OUT ON FAULT,SHOFIDIYA
22/11/2022,Akowonjo,DOPEMU,11 KV,Feeder,PROLONGED OUTAGE ON NYSC AND OYEWOLE 11KV FEEDERS,"NYSC, OYAWOLE"
23/11/2022,Shomolu,IKOSI,Not Specified,DT,OUTAGE ON DANIEL MAKINDE 500KVA DT ON WASIMI 11KV FEEDER,DANIEL-MAKINDE
24/11/2022,Shomolu,OWORO,Not Specified,Notification,REQUEST TO NOTIFY OUR CUSTOMERS ON 11-OWOROINJ-T3-GBAGADA FEEDER THE REASON FOR THEIR OUTAGE,GBAGADA
24/11/2022,Shomolu,OWORO,Not Specified,Notification,REQUEST TO NOTIFY OUR CUSTOMERS ON 11-OWOROINJ-T3-GBAGADA FEEDER THE REASON FOR THEIR OUTAGE,ANTHONY 
24/11/2022,Abule Egba,FAGBA,Not Specified,Transformer (N/S),LOW INSULATION,11-BECKLEYINJ-T1-AGBE ROAD-BOLA BANJO HVDS 1 11-BECKLEYINJ-T1-AGBE ROAD-ILE OGBO HVDS 8 11-BECKLEYINJ-T1-AGBE ROAD-ILE OGBO HVDS 2 11-BECKLEYINJ-T1-AGBE ROAD-ADETOUN CRESCENT HVDS 8
27/11/2022,Oshodi,AMUWO,Not Specified,Transformer,OUTAGE ON AMUWO TS TRANSFORMER,"AMUWO ODOFIN, 1ST GATE, JAKANDE ESTATE, HONGXING COMPANY & GOLDEN TULIP"
30/11/2022,Ikeja,ptc,Not Specified,Transformer,FAULT AT REMI FANI KAYODE II 500KVA,REMI FANI KAYODE
02/12/2022,Shomolu,IKOSI,33 KV,Feeder,FAULT ON MARYLAND ALAUSA 33KV FEEDER,"MARYLAND, ALAUSA"
02/12/2022,Abule Egba,IJAIYE,33 KV,Feeder,OUTAGE ALERT: AMJE 33KV FEEDER,AMJE
02/12/2022,Oshodi,OKE,Not Specified,Feeder,CABLE FAULT ON BUNGALOW FEEDER,BUNGALOW
04/12/2022,Ikeja,OGBA,Not Specified,Feeder,OUTAGE ON GROUNDMOUNTED MEDIUM ESTATE 2 (OPP EAGLE AVENUE),OPP EAGLE AVENUE
20/12/2022,Abule Egba,FAGBA,Not Specified,HVDS,LOW INSULATION : 11-AGEGEINJ-T1-IJU ROAD-4 ALADE CLOSE (1) HVDS,IJU
21/12/2022,Ikeja,OBA,33 KV,Planned,PLANNED OUTAGE ON ALAUSA 33KV FEEDER,ALAUSA
21/12/2022,Akowonjo,ABULE,33 KV,Planned,PLANNED OUTAGE ON ABULE-TAYLOR 33KV FEEDER,ABULE-TAYLOR
21/12/2022,Akowonjo,GOWON-ESTATE,33 KV,Planned,PLANNED OUTAGE AT ABESAN 33KV FEEDER,
22/12/2022,Ikeja,OKEIRA,33 KV,Feeder,CISCO 33KV FEEDER OUT ON FAULT,CISCO
22/12/2022,Ikeja,anifOWOSHE,132 KV,Feeder,FAULT ON ALIMOSHO/OGBA 132KV LINE 2,ALIMOSHO/OGBA
22/12/2022,Shomolu,Olowora,132 KV,Feeder, EMERGENCY OUTAGE AT OGBA AND ALIMOSHO TS,ALIMOSHO/OGBA
22/12/2022,Oshodi,IDIMU,33 KV,Feeder,PLANNED OUTAGE ON EGBE 33KV FEEDER,EGBE
24/12/2022,Ikeja,OGBA,11 KV,Feeder,CABLE FAULT ON IJAYE 11KV FEEDER,IJAIYE
24/12/2022,Akowonjo,ABULE,Not Specified,Human,TERMINATION FAILURE AT EJIGBO TX,EJIGBO
25/12/2022,Ikeja,PTC,Not Specified,Transformer,FAULT ON T2 15MVA TRANSFORMER - PTC ISS,PTC
25/12/2022,Ikeja,PTC,Not Specified,Transformer,FAULT ON T2 15MVA TRANSFORMER - PTC ISS,"OBA LADEJOBI STREET, HAROLD SHODIPO CR., JOEL OGUNAIKE ROAD, ABULE ONIGBAGBO ESTATE, ABIMBOLA OKUNUGA CLOSE, MOBOLAJI BANK ANTHONY WAY (PART)"
27/12/2022,Ikeja,PTC,Not Specified,Transformer,FAULT ON T2 15MVA TRANSFORMER - PTC ISS,"OBA LADEJOBI STREET, HAROLD SHODIPO CR., JOEL OGUNAIKE ROAD, ABULE ONIGBAGBO ESTATE, ABIMBOLA OKUNUGA CLOSE, MOBOLAJI BANK ANTHONY WAY (PART)"
28/12/2022,Ikeja,OREGUN,Not Specified,Transformer,EMERGENCY OUTAGE ON T3 60MVA TRANSFORMER ALAUSA,ALAUSA
29/12/2022,Akowonjo,ABULE,Not Specified,Breaker,TCN BREAKER FAULT ON T8 ALIMOSHO,"ALIMOSHO, ABULE ODU, GOWON"
29/12/2022,Ikeja,PTC,11 KV,Breaker,FAULTY IKORODU 11KV BREAKER,PTC
05/01/2023,Oshodi,AMUWO,Not Specified,Planned,PLANNED OUTAGE TRACKER,"HONGXING COMPANY, BABANGIDA WAY"
05/01/2023,Ikeja,ptc,Not Specified,Planned,PLANNED OUTAGE TRACKER,"POWER HOLDING COMPANY OF NIG.,- PTC STATION TRANSFORMER PTC ISS- 3 X 15MVA,COMPUTER VILLAGE,OLOWU,GRA,PTC,"
05/01/2023,Ikeja,oba,Not Specified,Human,VANDALIZED LV CABLES AT 33-ALAUSATCN-OPIC-ISHERI OLOFIN 1,"OBA-AKRAN, OJODU"
06/01/2023,Shomolu,KETU,Not Specified,Transformer (N/S),NO SUPPLY ON 11-MARYLANDINJ-T1-KETU-ODOGBOLU,MARYLAND
06/01/2023,Akowonjo,AIT,Not Specified,Planned,PLANNED OUTAGE TRACKER FOR 5/1/2023,"ISOTO, IGE ESTATE, AIYETOBI ROAD, AMIKANLE ROAD"
06/01/2023,Shomolu,MAGODO,Not Specified,Transformer,EMERGENCY OUTAGE ON T3 60MVA ALAUSA TS,"OLOWORA, MAGODO,UAC,7UP,AGIDINGBI AND OMOLE."
07/01/2023,Ikeja,OGBA,Not Specified,Planned,PLANNED OUTAGE TRACKER,"ADENIJI JONES, OGBA, ANIFOWOSE"
07/01/2023,Oshodi,ISOLO,Not Specified,Planned,PLANNED OUTAGE TRACKER,OSHODI
08/01/2023,Akowonjo,EGBEDA,Not Specified,Planned,PLANNED OUTAGE TRACKER,"ABORU, IYANA-IPAJA, OYEWOLE, AGEGE, DOPEMU, ADARANIJO, ARIGBANLA, NYSC CAMP"
08/01/2023,Ikeja,PTC,Not Specified,Transformer (N/S),FAULT ON ODUDUWA CRESCENT IV 500KVA," ODUDUWA CRESCENT (PARTS), ODUDUWA STREET (PARTS), ODUDUWA WAY (PARTS)"
09/01/2023,Oshodi,OSHODI,Not Specified,Planned,PLANNED OUTAGE TRACKER FOR 9/1/2023,OSHODI
10/01/2023,Oshodi,AJAO,Not Specified,Feeder,FEEDER FAULT,NWAOBODO EZE STREET AND ENVIRONS
10/01/2023,Oshodi,AJAO,Not Specified,Feeder,FEEDER FAULT,NWAOBODO EZE STREET AND ENVIRONS
10/01/2023,Oshodi,AJAO,Not Specified,Feeder,FEEDER FAULT,NWAOBODO EZE STREET AND ENVIRONS
18/01/2023,Oshodi,AJAO,33 KV,TCN,TCN OUTAGE ON AJAO 33KV FEEDER,"MAFOLUKU, AJAO ESTATE AND OTHER ENVIRONS."
19/01/2023,Shomolu,MAGODO,33 KV,Planned,PLANNED OUTAGE ON MAGODO 33KV FEEDER,"OMOLE PHASE 2, MAGODO ESTATE, CMD ROAD, BROOSKS ESTATE, JUBILEE, DIAMOND ESTATE."
20/01/2023,Oshodi,AMUWO,11 KV,Human,BROKEN HT POLE ON AMUWO INDUSTRIAL 11KV FEEDER,"FIRST RAINBOW JUNCTION, ALONG OSHODI APAPA EXPRESSWAY"
23/01/2023,Abule Egba,LAMBE,Not Specified,Notification,REQUEST TO NOTIFY CUSTOMERS ON GASLINE 300KVA S/S AND OLAMBE CASTLE INN 200KVA S,GASLINE 300KVA S/S AND OLAMBE CASTLE INN 200KVA S/S ON OLAMBE 11KV FEEDER
24/01/2023,Ikeja,PTC,33 KV,Feeder,FAULT ON PTC EXPRESS 33KV FEEDER,PTC
24/01/2023,Ikorodu,IGBOGBO,Not Specified,Planned,PLANNED OUTAGE FOR 24/1/2023,"IGBOGBO ROAD, ODOFIN AREA, AGBELE, OFIN, ORETA, EBUTE ROAD, AGBOWA, EPE, IMOTA,SPINTEX,"
24/01/2023,Akowonjo,AYOBO,Not Specified,Planned,PLANNED OUTAGE FOR 24/1/2023,"BADA,AYOBO,IPAJA, ITELE, ALAJA, AND ENVIRON"
24/01/2023,Akowonjo,EGBEDA,Not Specified,Planned,PLANNED OUTAGE FOR 24/1/2023,"ABORU, IYANA-IPAJA, OYEWOLE, AGEGE, DOPEMU, ADARANIJO, ARIGBANLA, NYSC CAMP"
24/01/2023,Akowonjo,AYOBO,Not Specified,Transformer (N/S), OUTAGE ON 11-AYETOROINJ-T1- LAFENWA,AYETORO
25/01/2023,Shomolu,OLAWORA,Not Specified,Feeder,FEEDER FAULT,"SHERI,BANKOLE,UNILAG & ORISH"
25/01/2023,Shomolu,IGBOGBI,Not Specified,Feeder,FEEDER FAULT,"SHOMOLU, IKORODU ROAD, ILUPEJU AND OLATEJU AREA."
25/01/2023,Shomolu,IGBOGBI,Not Specified,Feeder,FEEDER FAULT,"KORODU RD, ONIPANU, AND ENVIRONS"
25/01/2023,Akowonjo,AYOBO,Not Specified,Feeder,FEEDER FAULT,"SOTO, IGE ESTATE, AIYETOBI ROAD, AMIKANLE ROAD"
25/01/2023,Ikorodu,IJEDE,Not Specified,Feeder,FEEDER FAULT,
25/01/2023,Oshodi,AGO,Not Specified,Feeder,FEEDER FAULT,"LORD CHOOSEN, AMUWO INDUSTRIAL, FASHEUN, LAKE VIEW ESTATE, OKEOGBERE,AGO, HOSSANA ESTATE"
27/01/2023,Ikorodu,ODOGUNYAN,Not Specified,Feeder,TO ENABLE IE CONTRACTOR[YEMMY NIG ENT] STRING 2 NOS HT SPANS AT KED 200KVA SUB STATION AND TO O&M CREWS CARRY OUT PREVENTIVE MAINTENANCE ON THE FEEDER,"IPAKODO,EBUTE, OGOLONTO, IBESHE, & ENVIRONS"
27/01/2023,Akowonjo,AYOBO,Not Specified,Planned,PLANNED OUTAGE,"BADA AREA, FADAYOMI ROAD, ITELE ENVIRON, FENCE, AYOBO ROAD, MOPOL AREA"
27/01/2023,Ikorodu,ODOGUNYAN,Not Specified,Planned,PLANNED OUTAGE,"ODONGUNYAN, AGBEDE AND ENVIRONSE"
27/01/2023,Oshodi,IKOTUN,Not Specified,Planned,PLANNED OUTAGE,"IGANDO, AKESAN, EGAN ENVIRONS IJEGUN, OKERUBE, ISHERI, IKOTUN & ENVIRONS"
30/01/2023,Oshodi,AMUWO,11 KV,Feeder,LOSS OF SUPPLY ON SOME SECTION OF IJESHA EXPRESS 11KV FEEDER,IJESHA
01/02/2023,Oshodi,AMUWO,33 KV,Notification,NOTIFICATION OF FAULT ON AMUKOKO 33KV,"11-AMUWOINJ-T1-OLD OJO, 11-AMUWOINJ-T1-IJESHA EXPRESS, 11-AMUWOINJ-T2-JAKANDE 1, 11-AMUWOINJ-T2-JAKANDE 2"
01/02/2023,Akowonjo,EGBEDA,11 KV,Substation,SUNDAY ODUNTAN 500KVA SUBSTATION ON NYSC 11KVFEEDER IS OUT OF SUPPLY DUE TO PUNCTURED XLPE CABLE TERMINATION.,SUNDAY ODUNTAN 500KVA 11/0.415KV DTS
02/02/2023,Akowonjo,GOWON-ESTATE,Not Specified,DT,DT RUPTURED 2NOS HT FUSE.,11-NEW GOWONINJ-T1-OLORUNADABA-AJANI AKINBOGUN 500KVA SUBSTATION
03/02/2023,Ikeja,PTC,Not Specified,Feeder,FEEDER FAULT,"IKEJA GRA (PARTS), ABULE ONIGBAGBO ESTATE, TOYIN STREET & ENVIRONS, OPEBI ROAD (PART), OLOWU ROAD & ENVIRONS, KODESHO ROAD & ENVIRONS,"
10/02/2023,Ikeja,IFAKO,Not Specified,DT,FAULT ON 11-OKE IRAINJ-T2-THOMAS SALAKO-THOMAS SALAKO DT,THOMAS-SALAKO
10/02/2023,Akowonjo,DOPEMU,Not Specified,Feeder,CNN BE DONE FOR OGUN DT ON NYSC FEEDER FOR RUPTURED YELLOW PHASE JNP,OGUN DT ON NYSC FEEDER
12/02/2023,Oshodi,AGO,33 KV,Notification,FAULT NOTIFIcATION TO CUSTOMERS ON AGO 33KV LINE 1,AGO
13/02/2023,Ikorodu,AYANGBURIN,Not Specified,Feeder,11-SABOINJ-T1-LASUNWON-OLORUNSOGO/11-SABOINJ-T1-LASUNWON-EFUNBADE ARE OUT OF SUPPLY DUE TO FAULTY INTER-CONNECTOR CABLE,11-SABOINJ-T1-LASUNWON-OLORUNSOGO/11-SABOINJ-T1-LASUNWON-EFUNBADE
16/02/2023,Shomolu,BARIGA,Not Specified,DT,CNN FOR OLORUNKEMI I DT EX PEDRO THAT IS OUT OF CIRCUIT,"SHOWUNMI STREET,AINA STREET,OLORUNKEMI STREET,OGUNBADEJO,BASHORUN STREET AND POPOOLA STREET"
16/02/2023,Oshodi,AJAO,11 KV,Feeder,AIRPORT ROAD 11KV FEEDER DUE BROKEN HT POLE.,CNN ON CHARLSE ISIBOR 300KVA SUBSTATION ON SHOLANKE 11KV FEEDER
18/02/2023,Shomolu,IKOSI,11 KV,Feeder,NO SUPPLY ON ARAROMI 11KV AND AKANIMODO 11KV FEEDERS,"ARAROMI, AKANIMODO"
18/02/2023,Ikeja,PTC,Not Specified,Transformer (N/S),11-ADEKUNLE FAJUYIINJ-T1-ISAAC JOHN-ADEBOWALE I,ISAAC JOHN
24/02/2023,Abule Egba,FAGBA,Not Specified,DT,DTS TO BE UPRATED FROM 50KVA TO 100KVA (LIGHT UP LAGOS PROJECT),WILLAIMS ELLIOT NORTH ESTATE SUNNY CLOSE CHARITY ROAD CHARITY ROAD ANUOLUWAPO STREET ODEKEYE STREET AMUSAN STREET AMUSAN STREET SHOLA MARTINS STREET SHOLA MARTINS STREET MICHEAL ALADE STREET IMI STREET
26/02/2023,Akowonjo,EGBEDA,Not Specified,Transformer (N/S),11-MONGOROINJ-T1-NEW DOPEMU-OGUNDIPE 500KVA WHICH WAS OUT DUE TO RUPTURED YELLOW PHASE HT FUSE.,NEW DOPEMU-OGUNDIPE
01/03/2023,Oshodi,IDIMU,Not Specified,Notification," RE: FAULT NOTIFICATION FOR CUSTOMERS ON 33-EJIGBOTCN-AGODO, 11-AGODO EGBEINJ-T1-KUDAKI, 11-AGODO EGBEINJ-T1-ABANISHE","33-EJIGBOTCN-AGODO, 11-AGODO EGBEINJ-T1-KUDAKI, 11-AGODO EGBEINJ-T1-ABANISHE"
01/03/2023,Ikeja,PTC,Not Specified,Transformer,RE: FAULT ON OGBA T3 15MVA POWER TRANSFORMER,33-OGBATCN-PTC EXPRESS 11-PTCINJ-T3-OBA AKINJOBI 11-PTCINJ-T3-GENERAL HOSPITAL 11-PTCINJ-T2-AWUSE 11-PTCINJ-T1-OPEBI 11-PTCINJ-T2-MEDICAL 11-PTCINJ-T3-OLOWU
01/03/2023,Ikeja,OKEIRA,33 KV,Feeder,RE: CISCO 33KV FEEDER OUT ON FAULT,33-OGBATCN-CISCO 11-OKE IRAINJ-T1-AYO ALABI 11-OKE IRAINJ-T1-OKE IRA 11-OKE IRAINJ-T2-ABIODUN JAGUN 11-OKE IRAINJ-T1-NOB OLUWA
01/03/2023,Oshodi,OKOTA,11 KV,Feeder, FEEDER FAULT,"AFFECTING GENERAL HOSPITAL, AKESAN, IGANDO IKOTUN, AGRIC 11KV FEEDERS."
01/03/2023,Ikeja,OREGUN,Not Specified,Feeder, FEEDER FAULT,"OGBA, OREGUN"
02/03/2023,Ikeja,ANIFOWOSHE,33 KV,Feeder,FAULT ON U-STEEL 33KV FEEDER,U-STEEL 33KV FEEDER
02/03/2023,Ikeja,ANIFOWOSHE,Not Specified,Transformer,"FAULT ON T4 15MVA, NEW ALAUSA ISS","TALABI, AKORA VILLA, ADEKUNLE VILLAGE, ADENIYI JONES,OLUTOYE ESTATE, HARMONY ENCLAVE ESTATE, MOLADE OKOYA, MERITS RESIDENCE, BOET ESTATE,"
02/03/2023,Ikeja,PTC,Not Specified,Transformer,FAULT ON NEW ALAUSA T4 POWER TRANSFORMER,"ALLEN ROAD, SOJI ADEGBEPA STREET, GBEMISOLA STREET, LADIPO KUKU STREET, PARTS OF MAJEKODUNMI, PARTS OF OMOTAYO OJO STREET"
02/03/2023,Akowonjo,EGBEDA,Not Specified,Notification,RE: REQUEST FOR CNN,11-MONGOROINJ-T1-NEW DOPEMU-AJAYI FARM 11-NEW GOWONINJ-T1-OLORUNADABA-APATIRA 500KVA
02/03/2023,Oshodi,IGANDO,Not Specified,Notification,RE: REQUEST FOR CNN,IGANDO 
03/03/2023,Shomolu,IGBOGBI,Not Specified,Feeder,FEEDER FAULT,"MILITARY HOSPITAL AND ENVIRONS, APATA AREA, ORTHOPAEDIC HOSPITAL AND ENVIRONS"
06/03/2023,Ikorodu,IGBOGBO,Not Specified,Planned,PLANNED OUTAGE FOR 06/03/2023,"IPAKODO,EBUTE, OGOLONTO, IBESHE, & ENVIRONS"
07/03/2023,Shomolu,KETU,11 KV,Feeder,NO SUPPLY ON ARAROMI 11KV AND AKANIMODO 11KV FEEDERS,"ARAROMI, AKANIMODO"
10/03/2023,Ikeja,PTC,11 KV,Feeder,FAULT ON OPEBI 11KV FEEDER,OPEBI
10/03/2023,Ikorodu,IJEDE,Not Specified,Planned,PLANNED OUTAGE FOR 09/03/2023,"GBERIGBE, LUWASA, IJEDE ROAD, AND ENVIRONS."
10/03/2023,Oshodi,AJAO,33 KV,Feeder,EMERGENCY OF1]: BREAKDOWN ON AJAO AND ISOLO-AIRPORT 33KV FEEDER/CASTING OF POLES,
11/03/2023,Oshodi,AMUWO,Not Specified,DT,DT FAULT,AMUWO
13/03/2023,Shomolu,IKOSI,Not Specified,Planned,PLANNED OUTAGE FOR 13/03/2023,"WASIMI, MARYLAND AND ENVIRON, LAGOS /IBADAN EXPRESS ROAD"
13/03/2023,Ikeja,OBA,Not Specified,Planned, PLANNED OUTAGE FOR 13/03/2023,"KUDIRAT ABIOLA WAY, OREGUN, ALAUSA, AWOLOWO WAY/ PART OF AROMIRE RD, OGUNDANA AREA,"
13/03/2023,Ikorodu,IJEDE,Not Specified,Planned,PLANNED OUTAGE FOR 13/03/2023," GBERIGBE, LUWASA, IJEDE ROAD, AND ENVIRONS."
13/03/2023,Oshodi,ago,Not Specified,Planned,PLANNED OUTAGE FOR 13/03/2023,"LORDS CHOSEN,CELE/IJESHA,AGO AND APENA"
13/03/2023,Akowonjo,ipaja,Not Specified,Planned,PLANNED OUTAGE FOR 13/03/2023,"ISOTO, IGE ESTATE, AIYETOBI ROAD, AMIKANLE ROAD"
14/03/2023,Ikeja,ptc,Not Specified,TCN,GLOWING AT MARYLAND TRANSMISSION STATION,IKEJA GRA
14/03/2023,Ikeja,ptc,Not Specified,TCN,GLOWING AT MARYLAND TRANSMISSION STATION,IKEJA GRA
16/03/2023,Akowonjo,ayobo,Not Specified,Notification,CNN ON 11-ALAJAINJ-T1-KOLOBA-TONY NJOKU,11-ALAJAINJ-T1-KOLOBA-TONY NJOKU
16/03/2023,Oshodi,ikotun,Not Specified,Notification,FAULT NOTIFICATION FOR CUSTOMERS ON 11-IJEGUNINJ-T1-OBALAGBE-OLADIRE,11-IJEGUNINJ-T1-OBALAGBE-OLADIRE
16/03/2023,Oshodi,ikotun,Not Specified,DT,DT Fault,"FAULT NOTIFICATION FOR CUSTOMERS ON 33-EJIGBOTCN-AGODO, 11-AGODO EGBEINJ-T1-KUDAKI, 11-AGODO EGBEINJ-T1-ABANISHE"
22/03/2023,Abule Egba,fagba,Not Specified,Feeder,FEEDER FAULT,"JANKARA, IJAYE, OJOKORO ESTATE,AREA 1 ESTATE, AIT,MILLENIUM ESTATE, AGBE ROAD, FAGBA"
22/03/2023,Shomolu,oworu,Not Specified,DT,DT FAULT,"ASANI STREET, TIJANI ASHOGBON STREET,OLARENWAJU STREET,JOLAOSHO AND ILAJE ROAD."
22/03/2023,Shomolu,igbobi,Not Specified,Transformer,EMERGENCY OUTAGE ON T2 60MVA OWORO TS,"OGUDU, ODUNSI, ORTHEOPEDIC, APATA, SOLUYI AND ENVIRONS"
22/03/2023,Akowonjo,EGBEDA,Not Specified,Notification,CNN REQUIRED,1-MONGOROINJ-T1-NEW DOPEMU-OGUNDIPE 500KVA IS OUT DUE TO RUPTURED 3 NOS HT FUSE.
23/03/2023,Shomolu,KETU,Not Specified,Feeder,FEEDER FAULT,"KETU , OKUPE, PTC, WESTEX & GRA 11KV FEEDERS"
24/03/2023,Abule Egba,iju,Not Specified,Notification,CUSTOMER NOTIFICATION ON KABIYESI 500KVA,KABIYESI 500KVA
27/03/2023,Shomolu,oworo,Not Specified,Notification,OUTAGE NOTIFICATION ON AJAYI AINA DT,AJAYI AINA 500KVA SS ON HOSPITAL ROAD II KV FEEDER
03/04/2023,Ikeja,ptc,Not Specified,Transformer,EMERGENCY OUTAGE ON T2 60MVA MARYLAND,"GRA ENVIRON ,TOYIN STR,OLOWU,G-HOSPITAL, OBA ALADEJOBI, MILE 12, AGILITI"
07/04/2023,Ikeja,ptc,Not Specified,Notification,CUSTOMER NOTIFICATION NEEDED,"ADEKUNLE FAJUYI ROAD, JOEL OGUNNAIKE AND ENVIRONS, ODUDUWA CRESCENT AND ENVIRONS, ODUDUWA WAY AND ENVIRONS, OBA AKINJOBI AND ENVIRONS, SHONIBARE ESTATE, ABULE ONIGBONGBO, MARYLAND ESTATE"
07/04/2023,Shomolu,baRIGA,Not Specified,Notification,OUTAGE NOTIFICATION ON T315MVA IN OWORO ISS,T315MVA IN OWORO ISS
07/04/2023,Ikeja,OKEIRA,33 KV,Feeder,CISCO 33KV FEEDER OUT ON E/F,OKE-IRA NETWORK
08/04/2023,Shomolu,Ilupeju,Not Specified,DT,DT FAULT,SAGAMU AVENUE AND EGBEYEMI STREET
12/04/2023,Abule Egba,AKUTE,Not Specified,Notification,REQUEST FOR CNN,NEW OKO OBA/PUPOSOLA/CHARITY ROAD
12/04/2023,Ikorodu,AYANGBURIN,Not Specified,Transformer,11-SABOINJ-T2-ERUNWEN-KOKORO ABU 500KVA WILL BE OUT OF SUPPLY DUE TO TRANSFORMER PLINTH RECONSTRUCTION BY THE BU PROJECT AND WORKS TEAM,11-SABOINJ-T2-ERUNWEN-KOKORO ABU 500KVA
13/04/2023,Oshodi,IKOTUN,Not Specified,Notification,FAULT NOTIFICATION FOR CUSTOMERS ON 11-BOLORUNPELUINJ-T1-ISIJOLA-TUNDE ODEYEMI,11-BOLORUNPELUINJ-T1-ISIJOLA-TUNDE ODEYEMI
14/04/2023,Abule Egba,fagba,Not Specified,DT,DT FAULT,FAGBA
14/04/2023,Shomolu,Ilupeju,Not Specified,DT,DT FAULT,"BODE THOMAS STREET, BODE THOMAS ROAD AND OGUNLESI STREET."
15/04/2023,Abule Egba,IJU,Not Specified,Notification,REQUEST FOR CUSTOMER NOTIFICATION,NEW IJU 33KV FEEDER FROM OKE ARO TCN.
15/04/2023,Abule Egba,IJU,11 KV,Feeder,NO SUPPLY TO IJU RD 11KV,11-AGEGEINJ-T1-IJU
15/04/2023,Abule Egba,IJU,11 KV,Feeder,NO SUPPLY TO IJU RD 11KV,11-AGEGEINJ-T1-IJU
16/04/2023,Abule Egba,OLAMBE,Not Specified,Feeder,FEEDER FAULT,"ABULE EKUN, ALAUSA, MUDASHIRU FARM, ABULE OSHO, TEMIDIRE"
17/04/2023,Oshodi,OKE,Not Specified,Feeder,FEEDER FAULT,"EJIGBO ROAD, NNPC ROAD, SILVER ESTATE, VICTORY ESTATE, OYEDELE STREET, ALH OLABISI ADEOSUN STREET, ALH AYODEJI, TAIWO ABOYARIN, JIMOH MUSTAPHA STREET"
17/04/2023,Shomolu,OLATEJU,Not Specified,Planned,OUTAGE ON 11-MUSHININJ-T1-MUSHIN 2- ROAD HOUSE DT DUE TO MAINTENANCE ACTIVITIES,11-MUSHININJ-T1-MUSHIN 2- ROAD HOUSE DT
21/04/2023,Shomolu,IGBOBI,Not Specified,Breaker,BURNT DT ENERGY METER,1-IGBOBIINJ-T1-APATA-DUROSIMI II DT (EX-APATA 11KV FEEDER).
21/04/2023,Oshodi,AGO,11 KV,Feeder,APPROVAL REQUEST FOR CNN ON 11-ITIREINJ-T3-AGO AND 11-ITIREINJ-T3-APENA 11KV FEEDERS,11-ITIREINJ-T3-AGO AND 11-ITIREINJ-T3-APENA 11KV FEEDERS
22/04/2023,Shomolu,KETU,Not Specified,DT,DT FAULT,AGILITY
23/04/2023,Oshodi,ISOLO,11 KV,Feeder,IBALEX 11KV FEEDER OPENED ON EMERGENCY DUE TO BROKEN HT POLE,IBALEX 11KV FEEDER
24/04/2023,Ikeja,OREGUN,33 KV,Feeder,FAULT ON MARYLAND ALAUSA 33KV FEEDER,"KUDIRAT ABIOLA WAY, MOBOLAJI JOHNSON AVENUE, ALAUSA, OREGUN"
24/04/2023,Ikorodu,LASUNWON,Not Specified,Feeder,11-SABOINJ-T1-LASUNWON-APEKA 2 IS OUT DUE TO RUPTURED HT FUSES,11-SABOINJ-T1-LASUNWON-APEKA 2
25/04/2023,Ikorodu,AYANGBURIN,Not Specified,Planned,"CUSTOMERS ON 11-SABOINJ-T1-AYANGBUREN,11-SABOINJ-T1-MARY HILL,11-SABOINJ-T1-IJEBU ODE AND 11-SABOINJ-T1-LASUNWON WILL BE OUT OF SUPPLY DUE TO THE ONGOING MAINTENANCE AT SABO INJECTION","11-SABOINJ-T1-AYANGBUREN,11-SABOINJ-T1-MARY HILL,11-SABOINJ-T1-IJEBU ODE AND 11-SABOINJ-T1-LASUNWON"
26/04/2023,Akowonjo,AIT,Not Specified,Transformer,EMERGENCY OUTAGE ON T2 60MVA OGBA TS,"JANKARA, IJAYE, OJOKORO ESTATE,AREA 1 ESTATE, AIT,MILLENIUM ESTATE, AGBE ROAD, FAGBA, AKOWONJO ROUNDABOUT, CEMENT, AJAYI FARM, MONGORO AREA, CAPITOL ROAD, OLAYIWOLA STREET, UNION ROAD, IKUOMOLA STREET, FRIESLAND,"
26/04/2023,Akowonjo,EGBEDA,Not Specified,Notification,REQUEST FOR CNN,11-MONGOROINJ-T1-NEW DOPEMU 11-ALIMOSHOINJ-T4-OKI
27/04/2023,Abule Egba,AKUTE,Not Specified,Transformer (N/S),OUTAGE ON GBADAMOSI 500KVA,GBADAMOSI
01/05/2023,Oshodi,ISOLO,Not Specified,Feeder,IBALEX 11KV FEEDER AND ADEMULEGUN 11KV FEEDER OUT DUE TO FIRE OUTBREAK AT ITIRE ISS,"IBALEX, ADEMULEGUN"
01/05/2023,Oshodi,ago,Not Specified,Notification,AGO FAULT NOTIFICATION TO CUSTOMERS,ago
01/05/2023,Ikeja,ifako,11 KV,Feeder,OKE IRA 11KV FEEDER,oke ira
03/05/2023,Shomolu,ketu,Not Specified,Feeder,FEEDER FAULT,NO SUPPLY TO WASIMI INJECTION
05/05/2023,Oshodi,ajao,Not Specified,Notification, CNN FOR CUSTOMERS FEEDING FROM AJAO INJECTION SUBSTATION,ajao
07/05/2023,Ikeja,ptc,Not Specified,Substation,FAULT AT PTC INJECTION SUBSTATION,"IKEJA GRA (PARTS), ABULE ONIGBAGBO ESTATE, TOYIN STREET & ENVIRONS, OPEBI ROAD (PART), OLOWU ROAD & ENVIRONS, KODESHO ROAD & ENVIRONS,"
07/05/2023,Shomolu,ikosi,Not Specified,Notification,"HT POLE TO ERECT: CNN TO OUR CUSTOMER ON KETU, DEMURIN & IKOSI",ojota 11kv feeder
07/05/2023,Shomolu,maGODO,Not Specified,Transformer,OUTAGE ON T3 60MVA ALAUSA TS,"MAGODO, ISHERI, OLOWORA, AND ENVIRONS"
08/05/2023,Ikeja,OJODU,Not Specified,Feeder,FEEDER FAULT,ALAGBOLE AND OJODU
12/05/2023,Shomolu,igbobi,Not Specified,Feeder,FEEDER FAULT,akoka
15/05/2023,Oshodi,idiMU,Not Specified,Feeder,FEEDER FAULT,"ORISUNBARE, CAROLINE ODUS, DAUDA ILO, FAYEMI, FOLAWIWO, IDIMU ROAD, IFELODUN, ILUFUNMI, JUBRIL OLABISI, OKEJIDE OLU OLAMIKAN, TAJUDEEN OGUNSEYE"
15/05/2023,Shomolu,oworo,Not Specified,Notification,OUTAGE NOTIFICATION ON DIYA2 DT ON HOSPITAL FEEDER,DIYA2
16/05/2023,Shomolu,oregUN,Not Specified,Feeder,FEEDER FAULT,"OPEBI ROAD, AGBAOKU, SALVATION, AWUSE ESTATE, OLUSOSUN, OPEBI LINK ROAD, OSHO ROAD"
16/05/2023,Akowonjo,ayobo,Not Specified,Feeder,FEEDER FAULT,CNN ON 11-AYETOROINJ-T1-BADA
16/05/2023,Abule Egba,fagba,Not Specified,Feeder,FEEDER FAULT,AGBADO
16/05/2023,Abule Egba,fagba,Not Specified,DT,DT FAULT,"MATOGUN ROAD, OLAMBE"
16/05/2023,Oshodi,IKOTUN,Not Specified,DT,DT FAULT,LADIPO & ITANLAYE
16/05/2023,Oshodi,IKOTUN,Not Specified,DT,DT FAULT,ABANISHE-COMMUNITY AND ABANISHE-OGUNJOLE
17/05/2023,Ikorodu,LASUNWON,Not Specified,Feeder,FEEDER FAULT,"aGODO, INDUSTRIAL AND CANTONMENT"
19/05/2023,Ikorodu,LASUNWON,33 KV,Feeder,"ODOGUNYAN ISS IS OUT OF SUPPLY DUE TO PUNCTURED CABLE ON ODOGUNYAN 33KV FEEDER AFFECTING 11-ODOGUNYANINJ-T1-AGODO,11-ODOGUNYANINJ-T1-INDUSTRIAL AND 11-ODOGUNYANINJ-T2-CANTONMENT IN LASUNWON UT","11-ODOGUNYANINJ-T1-AGODO,11-ODOGUNYANINJ-T1-INDUSTRIAL AND 11-ODOGUNYANINJ"
19/05/2023,Abule Egba,AKUTE,Not Specified,Breaker,CRACKED CT AT OKEARO TS AFFECTING 33-OKE AROTCN-AKUTE,oke aro
21/05/2023,Ikeja,ptc,11 KV,Feeder,FAULT ON GENERAL HOSPITAL 11KV FEEDER,"ODUDUWA CRESCENT, OLADIPO BATEYE STREET, OLD SECRETERIAT ROAD, ADEKUNLE FAJUYI (PART), ADETUNJI ADEOBA STREET, AYO ROSIJI STREET (PART), OBASA STREET"
22/05/2023,Shomolu,igbobi,Not Specified,DT,OUTAGE ON 11-IGBOBIINJ-T1-MILITARY-MOROCCO II DT,igbobi
27/05/2023,Ikeja,OKEIRA,Not Specified,Transformer,OKE-IRA ISS T1 (15MVA) TRIPPED ON BUCHHOLZ,okeira
29/05/2023,Shomolu,ketu,11 KV,Feeder,KETU 11KV FeeDeR ON FAULT,"ETU , MENDE AND OREGUN"
08/06/2023,Oshodi,ago,Not Specified,Notification,FAULT NOTIFICATION TO CUSTOMERS ON OKEGBERE FEEDER,okegbere
10/06/2023,Abule Egba,ijaiye,Not Specified,Transformer,OUTAGE ALERT ON ARAROMI 1 AND AGO ALAGBEDE 1&2 TRANSFORMERS,> 11-IJAIYEOJOKOROINJ-T1-AGBADO2- AGO ALAGBEDE 1 > 11-IJAIYEOJOKOROINJ-T1-AGBADO2- AGO ALAGBEDE 2 > 11-ABULEIROKOINJ-T1-ALAKUKO-ARAROMI 1
10/06/2023,Oshodi,idiMU,11 KV,DT,FAULT AFFECTING DTS ON IDIMU 11KV FEEDER,"IDIMU, JEMI ALADE ESTATE, MADARIKAN, COUNCIL ROUND ABOUT AND ENVIRONS"
13/06/2023,Ikeja,ptc,Not Specified,Notification,CUSTOMER NOTIFICATION NEEDED,"ABULE ONIGBONGBO, SHOGUNLE, PARTS OF IKEJA GRA"
13/06/2023,Ikorodu,AYANGBURIN,Not Specified,Transformer (N/S),11-SABOINJ-T2-ERUNWEN-FRONTLINE 111 IS OUT DUE TO BURNT XLPE CABLE AND REQUIRES TERMINATION,11-SABOINJ-T2-ERUNWEN-FRONTLINE 111
19/06/2023,Ikeja,ptc,Not Specified,Notification,CUSTOMER NOTIFICATION NEEDED,"ADEKUNLE FAJUYI WAY, PARTS OF ODUDUWA CRESCENT, OLADIPO BATEYE STREET, HAROLD SHODIPO CRESCENT, OBA LADEJOBI STREET, JOEL OGUNNAIKE STREET, PARTS OF MOBOLAJI BANK ANTHONY WAY, SHONIBARE ESTATE, MARYLAND CRESCENT, ABULE ONIGBAGBO ESTATE"
26/06/2023,Abule Egba,LAMBE,11 KV,Notification,REQUEST TO NOTIFY CUSTOMERS ON ABULE EKUN 500KVA S/S ON GRAILAND 11KV FEEDER,"ISALE ORO JUNCTION, ABULE EKUN TOWN, OFF IJOKO ROAD, OLAMBE"
26/06/2023,Abule Egba,LAMBE,11 KV,Notification,REQUEST TO NOTIFY CUSTOMERS ON ABULE EKUN 500KVA S/S ON GRAILAND 11KV FEEDER,"ISALE ORO JUNCTION, ABULE EKUN TOWN, OFF IJOKO ROAD, OLAMBE"
26/06/2023,Ikeja,ptc,Not Specified,Notification,CUSTOMER NOTIFICATION NEEDED,"OBA AKINJOBI WAY, REV OGUNBIYI STREET, SOBO AROBIODUN STREET, AYOOLA COKER STREET, ADEYEMO ALAKIJA STREET, ESUGBAYI STREET AND ENVIRONS"
27/06/2023,Ikorodu,LASUNWON,Not Specified,Transformer,FAULT AFFECTING -33-ODOGUNYANTCN-T2 -15MVA,33-ODOGUNYANTCN-T2 -15MVA
03/07/2023,Shomolu,OLATEJU,Not Specified,Notification,CUSTOMER NOTIFICATION NEEDED FOR CUSTOMERS ON 11-MUSHININJ-T1-MUSHIN 2-COKER 2,11-MUSHININJ-T1-MUSHIN 2-COKER 2
06/07/2023,Abule Egba,iju,Not Specified,DT,REQUEST TO BEGIN LOADSHEDDING ON ENILOLOBO DT,enilolobo
06/07/2023,Abule Egba,iju,Not Specified,DT,REQUEST FOR CNN FOR 11-OBAWOLEINJ-T1-SHONUBI-NDIKE 2 500KVA DT,obawole
08/07/2023,Abule Egba,iju,Not Specified,DT,REQUEST FOR CNN FOR 11-OBAWOLEINJ-T1-SHONUBI-NDIKE 2 500KVA DT,obawole
08/07/2023,Abule Egba,LAMBE,11 KV,Notification,REQUEST TO NOTIFY THE CUSTOMER ON FEMI OTITOLOJU HVDS 1 50KVA S/S ON OLAMBE 11KV FEEDER,"FEMI OTITOLOJU, lambe"
13/07/2023,Ikeja,ptc,Not Specified,TCN,tcn fault,"KEJA GRA (PARTS), ABULE ONIGBAGBO ESTATE, TOYIN STREET & ENVIRONS, OPEBI ROAD (PART), OLOWU ROAD & ENVIRONS, KODESHO ROAD & ENVIRONS,"
17/07/2023,Ikorodu,AYANGBURIN,Not Specified,Transformer (N/S),11-SABOINJ-T1-AYANGBUREN-G.T.C 500KVA IS OUT DUE TO VANDALISED XLPE CABLE,11-SABOINJ-T1-AYANGBUREN-G.T.C 500KVA
17/07/2023,Shomolu,igbobi,Not Specified,Feeder,PROLONGED OUTAGE ON 11-IGBOBIINJ-T1-ORTHOPAEDIC FEEDER,igbobi
19/07/2023,Abule Egba,iju,Not Specified,Transformer (N/S),"OUTAGE AFFECTING 11-IJUINJ-T1-ASORE, 11-IJUINJ-T1-AJUWON AND 11-IJUINJ-T1-GRAILAND","asore, ajuwon, grailand"
19/07/2023,Abule Egba,iju,Not Specified,Notification,REQUEST FOR CNN,"11-OBAWOLEINJ-T1-YOUDEOWEI, 11-OBAWOLEINJ-T1-SHONUBI, 11-IJUINJ-T1-GALILEE, 11-IJUINJ-T2-ISHAGA AND 11-IJUINJ-T2-AGBADO I AND 11-AGEGEINJ-T1-IJU RD,"
20/07/2023,Abule Egba,fagba,11 KV,Notification,SMS TO OKO-OBA 11 KV CUSTOMER ON AGEGE INJ,oko-oba
20/07/2023,Shomolu,baRIGA,Not Specified,Notification,CUSTOMER NOTIFICATION NEEDED,ilupeju mega network
24/07/2023,Abule Egba,iju,Not Specified,Notification,REQUEST FOR CNN NOTIFICATIONS FOR CUSTOMERS ON 11-OBAWOLEINJ-T1-YOUDEOWEI-MITCHEL,11-OBAWOLEINJ-T1-YOUDEOWEI-MITCHEL
24/07/2023,Abule Egba,lambe,Not Specified,Feeder,FEEDER FAULT,"OLAMBE, MATOGUN, OKE-ARO, JOLASCO, AKUTE"
12/08/2023,Ikeja,ANIFOWOSHE,Not Specified,Feeder,FEEDER FAULT,"ANIFOWOSHE, AWOLOWO WAY, ODUYEMI, BAYO SHODIPO, AKINREMI, AJAO, ADENIYI JONES, OBA AKRAM ROAD."
14/08/2023,Oshodi,isolo,11 KV,Feeder,ADEMULEGUN 11KV FEEDER OUT DUE TO FALLEN TOWER CARRYING THE FIRST UPRISER CABLE,ademulegun
17/08/2023,Abule Egba,akute,Not Specified,Substation,OUTAGE ON 11-IJUINJ-T1-AJUWON- ADEMOKOYA 500KVA S/S,AJUWON- ADEMOKOYA
17/08/2023,Oshodi,oshodi,Not Specified,DT,PLINTH RECONSTRUCTION AND MAINTENANCE OF ENIOLA ADESANYAN DT,ENIOLA ADESANYAN DT
17/08/2023,Abule Egba,lambe,11 KV,Notification,REQUEST TO NOTIFY CUSTOMERS ON ADEJUMO 500KVA S/S ON MATOGUN 11KV FEEDER,"MATOGUN ROAD, OLAMBE"
25/08/2023,Akowonjo,DOPEMU,Not Specified,DT,NOTIFICATION TO CUSTOMERS ON NYSC 500KVA DT,nysc
28/08/2023,Ikorodu,AYANGBURIN,Not Specified,Transformer (N/S),CUSTOMERS ON 11-SABOINJ-T2-ERUNWEN AND 11-SABOINJ-T2-IGBOGBO ARE OUT DUE TO FAULTY SPRING CHARGING ROD,11-SABOINJ-T2-ERUNWEN AND 11-SABOINJ-T2-IGBOGBO
30/08/2023,Shomolu,maGODO,33 KV,Planned,PLANNED MAINTENANCE ON MAGODO 33KV FEEDER,magodo 
31/08/2023,Ikeja,oregUN,Not Specified,Transformer (N/S),OUTAGE ON 11-NEW ALAUSAINJ-T5-MORRISON DUE TO CABLE FAULT,11-NEW ALAUSAINJ-T5-MORRISON
31/08/2023,Abule Egba,akute,Not Specified,Transformer,OUTAGE ON 11-AKUTE INJ-T1-ISHASHI- ISHASHI 1 500KVA S/S,akute
31/08/2023,Abule Egba,akute,Not Specified,Transformer,OUTAGE ON 11-AKUTE INJ-T1-ISHASHI- ISHASHI 1 500KVA S/S,akute
31/08/2023,Akowonjo,abule,Not Specified,Notification,BROADCAST TO CUSTOMERS UNDER 11-EKOROINJ-T2-OLOTA-ISE OLUWA 1,11-EKOROINJ-T2-OLOTA-ISE OLUWA 1
03/10/2023,Akowonjo,abule,Not Specified,Notification,BROADCAST TO CUSTOMERS UNDER 11-EKOROINJ-T2-OLOTA-ISE OLUWA 1,11-EKOROINJ-T2-OLOTA-ISE OLUWA 1
03/10/2023,Ikeja,ptc,Not Specified,Notification,CUSTOMER NOTIFICATION NEEDED,"SHONIBARE ESTATE, G.CAPPA ESTATE, MARYLAND CRESCENT ESTATES"
04/10/2023,Shomolu,Ilupeju,Not Specified,Notification,CUSTOMER NOTIFICATION NEEDED FOR 11-ILUPEJU BYPASSINJ-T1-INDUSTRIAL,ilupeju
04/10/2023,Shomolu,igbobi,Not Specified,Feeder,PROLONGED OUTAGE ON 11-IGBOBIINJ-T1-APATA-ADEOLA,igbobi
04/10/2023,Shomolu,igbobi,Not Specified,Feeder,PROLONGED OUTAGE ON 11-IGBOBIINJ-T1-APATA-ADEOLA,igbobi
04/10/2023,Ikorodu,AYANGBURIN,Not Specified,Feeder,FEEDER FAULT AFFECTING 11-SABOINJ-T1-IJEBU-ODE,11-SABOINJ-T1-IJEBU-ODE
04/10/2023,Akowonjo,abule,11 KV,Notification,CNN TO AFFECTED CUSTOMERS ON AKOWONJO 11KV FEEDER,akowonjo
06/10/2023,Ikorodu,AYANGBURIN,Not Specified,Feeder,FEEDER FAULT AFFECTING 11-SABOINJ-T1-IJEBU-ODE,11-SABOINJ-T1-IJEBU-ODE
06/10/2023,Ikorodu,ODOGUNYAN,Not Specified,Notification,CCN NOTIFICATION FOR FAULT AT ODOGUNYAN TS,1. 11-ODOGUNYANINJ-T1-AGODO 2. 11-ODOGUNYANINJ-T1-INDUSTRIAL 3. 11-ODOGUNYANINJ-T2-CANTONMENT 4. 11-ODOGUNYANINJ-T1-CENTEX 5. 11-ODOGUNYANINJ-T2-ODOKEKERE 6. 11-ODOGUNYANINJ-T2-ITA OLUWO 1. 33-ODOGUNYANTCN-AGBEDE 
06/10/2023,Ikeja,ptc,Not Specified,TCN,TCN SYSTEM LOAD SHEDDING,"SHONIBARE ESTATE, G.CAPPA ESTATE, MARYLAND CRESCENT ESTATES, IKEJA GRA, ABULE ONIGBAGBO ESTATE"
06/10/2023,Ikeja,ptc,Not Specified,TCN,TCN SYSTEM LOAD SHEDDING,"SHONIBARE ESTATE, G.CAPPA ESTATE, MARYLAND CRESCENT ESTATES, IKEJA GRA, ABULE ONIGBAGBO ESTATE"
07/10/2023,Ikeja,OJODU,Not Specified,DT,LIMSON I 300KVA DT FAULT,11-OJODUINJ-T2-RIVER VALLEY-LIMSON I DT
08/10/2023,Ikeja,ptc,Not Specified,Notification,customer notification needed,"SHONIBARE ESTATE, G.CAPPA ESTATE, MARYLAND CRESCENT ESTATES, IKEJA GRA, ABULE ONIGBAGBO ESTATE, KODESHO STREET, OLOWU STREET, COMPUTER VILLAGE AND ENVIRONS"
09/10/2023,Abule Egba,iju,Not Specified,Notification,REQUEST FOR CNN NOTIFICATION,11-IJUINJ-T1-GALILEE-OLOWOLAJUOGBON DT
10/10/2023,Ikeja,oba,11 KV,Notification,FAULT NOTIFICTAION - EXPRESS 11KV BILATERAL LOCATION,OMOLE PHASE 1
10/10/2023,Ikeja,oba,33 KV,Feeder,FAULT ON ALAUSA 33KV FEEDER,SECRETARIAT INJECTION STATION SUPPLY
10/10/2023,Ikeja,OREGUN,Not Specified,TCN,OUTAGE DUE TO ALAUSA TCN FAULT,11-NEW ALAUSAINJ-T5-ALLEN 11-NEW ALAUSAINJ-T5-OREGUN 11-NEW ALAUSAINJ-T5-ALAUSA 11-NEW ALAUSAINJ-T5-KUDIRAT 11-NEW ALAUSAINJ-T5-MORRISON 11-NEW ALAUSAINJ-T6-OGUNDANA 11-OPEBIINJ-T1-AGBAOKU
10/10/2023,Ikeja,OBA,Not Specified,Notification,MESSAGE TO OMOLE PHASE 1 BILATERAL LOCATION,OMOLE PHASE 1 BILATERAL LOCATION
12/10/2023,Ikeja,PTC,Not Specified,TCN,UPDATE ON TCN LOAD LIMITATION - MARYLAND TRANSMISSION STATION,"IKEJA GRA, ABULE ONIGBAGBO ESTATE, OLOWU ROAD, AKINTOYE SHOGUNLE, FADEYI STREET, ADESHINA STREET, JOHN OLUGBO (PART), UNITY ROAD (PART), EZEKIEL STREET, OLUWALEYIMU STREET, IPODO STREET, ILO STREET, TOYIN STREET"
12/10/2023,Abule Egba,LAMBE,11 KV,Feeder,REQUEST TO NOTIFY CUSTOMERS ON PARAMOUNT 750KVA ON MATOGUN 11KV FEEDER,"PARAMOUNT, LEKAN POPOOLA, OLUWO GATE TOWN, AROLAMBO, IBAFIDON"
15/10/2023,Shomolu,MENDE,Not Specified,TCN,POOR ALLOCATION TO MARYLAND TS,"OKUPE , SYLVIA , WESTEX AND KETU"
15/10/2023,Shomolu,ketu,Not Specified,Feeder,POOR ALLOCATION TO WASIMI INJECTION,"KETU, IKOSI"
15/10/2023,Abule Egba,akute,Not Specified,Transformer (N/S),OUTAGE ON 11-IJUINJ-T1-AJUWON-ALLI BELLO 500KVA,OUTAGE ON 11-IJUINJ-T1-AJUWON-ALLI BELLO 500KV
16/10/2023,Ikeja,OBA,11 KV,Human,MESSAGE TO CNN ABOUT CUSTOMERS ON AGIDINGBI 11KV AFFECTED BY ASHABI COLE INCIDENT, DISC ENGINEERING 300KVA PUBLIC DT DISCOMTEL 500KVA PRIVATE DT SAID FARMS 300KVA PRIVATE DT CADBURY 500KVA PRIVATE DT FIRS 300KVA PRIVATE DT WATER RESOURCES 200KVA PRIVATE DT IHS PRIVATE DT WAPA 500KVA PUBLIC
17/10/2023,Abule Egba,LAMBE,11 KV,Transformer (N/S),REQUEST TO NOTIFY CUSTOMERS ON PARAMOUNT 750KVA ON MATOGUN 11KV FEEDER,"PARAMOUNT, LEKAN POPOOLA, OLUWO GATE TOWN, AROLAMBO, IBAFIDON"
20/10/2023,Ikorodu,OWUTU,Not Specified,Notification,CUSTOMER NOTIFICATION NEEDED,1. 33-IKORODUTCN-IBESHE-BAALE - 300KVA 2. 33-IKORODUTCN-IBESHE-ITOWOLO - 300KVA 3. 33-IKORODUTCN-IBESHE-ELIAS - 500KVA 4. 33-IKORODUTCN-IBESHE-OKO OBI - 500KVA 5. 33-IKORODUTCN-IBESHE-IREKE - 500KVA 6. 33-IKORODUTCN-IBESHE-CHURCH
13/11/2023,Ikeja,OKEIRA,Not Specified,Breaker,AYANLEYE 500KVA OUT DUE TO LV CABLE BURNT,AYANLEYE 500KVA
13/11/2023,Akowonjo,ABULE,11 KV,Feeder,PROLONG OUTAGE ON EKORO 11KV FEEDER,EKORO
13/11/2023,Abule Egba,IJU,Not Specified,Notification,CNN REQUEST TO CUSTOMERS,11-AGEGEINJ-T1-IJU ROAD-6 AKINBO SAVAGE HVDS
13/11/2023,Abule Egba,IJU,Not Specified,Notification,CNN REQUEST TO CUSTOMERS,"11-AGEGEINJ-T1-IJU ROAD-6 AKINBO SAVAGE HVDS, 11-AGEGEINJ-T1-IJU ROAD-86 IJU ROAD HVDS, 11-OBAWOLEINJ-T1-YOUDEOWEI-32 VICTOR OLALEYE HVDS"
13/11/2023,Ikorodu,ODOGUNYAN,Not Specified,Notification,CNN NOTIFICATION FOR FAULT ON 11-ODOGUNYANINJ-T2-ODOKEKERE FEEDER.,11-ODOGUNYANINJ-T2-ODOKEKERE FEEDER
14/11/2023,Ikeja,oba,33 KV,Notification,MESSAGE TO CNN ABOUT CUSTOMERS AFFECTED BY NEW ALAUSA 33KV OUTAGES TO SECRETARIAT INJECTION STATION,"LATEEF JAKANDE 11KV, AGIDINGBI 11KV, ESTATE 11KV AND OMOLE 11KV."
14/11/2023,Ikeja,ifako,11 KV,Feeder,PROLONG OUTAGE ON 11-OGBAINJ-T3-AGEGE 11KV FEEDER,"ogba, agege"
17/11/2023,Ikorodu,OWUTU,Not Specified,Transformer (N/S),FAULT ON 11-OWUTUINJ-T2-ASOLO,owutu
18/11/2023,Ikorodu,OWUTU,Not Specified,Transformer (N/S),FAULT ON 11-OWUTUINJ-T2-ASOLO,owutu
18/11/2023,Oshodi,ikotun,Not Specified,Notification,FAULT NOTIFICATION FOR CUSTOMERS 11-AGODO EGBEINJ-TI ABANISHE AND KUDAKI,11-AGODO EGBEINJ-TI ABANISHE AND KUDAKI
20/11/2023,Abule Egba,ijaiye,Not Specified,Transformer,OUTAGE ALERT ON BAALE 1 TRANSFORMER,baale
20/11/2023,Abule Egba,ijaiye,Not Specified,Feeder,OUTAGE ALERT ON AKERA 11KV FEEDER,akera
20/11/2023,Ikeja,oregUN,Not Specified,Substation,OUTAGE AT NEW ALAUSA ISS,11-NEW ALAUSAINJ-T4-ALLEN 2. 11-NEW ALAUSAINJ-T4-OREGUN 3. 11-NEW ALAUSAINJ-T5-MORRISON 4. 11-NEW ALAUSAINJ-T5-ALAUSA 5. 11-NEW ALAUSAINJ-T5-KUDIRAT 6. 11-NEW ALAUSAINJ-T6-OGUNDANA
22/11/2023,Ikorodu,LASUNWON,Not Specified,Planned,PLANNED OUTAGE WAS OBSERVED ON IKORODU T3 100MVA TRANSFORMER,"IJEBU ODE, AYNAGBUREN,LASUNWON, FAKALE,ODOGUNYAN, PULKIT,AGRIC,ORIOKUTA, IBESHE, IRAWO, AJEGUNLE AND ENVIRONS"
27/11/2023,Oshodi,AMUWO,33 KV,Planned,FORCED OUTAGE ON AGO L1 & L2 33KV FEEDERS [REQUEST FOR CNN],"JAKANDE 1, JAKANDE 2, AMUWO IND. & LAKEVIEW"
27/11/2023,Ikeja,oregUN,Not Specified,Feeder,OUTAGE ON 11-OPEBIINJ-T1-SALVATION,11-OPEBIINJ-T1-SALVATION
28/11/2023,Abule Egba,adiyan,Not Specified,Notification,REQUEST TO NOTIFY CUSTOMERS ON MATOGUN 11KV FEEDER,matogun
02/12/2023,Oshodi,IGANDO,33 KV,Feeder,OUTAGE ON IGANDO 33KV FEEDER,"11-IGANDOINJ-T2-GENERAL HOSPITAL-ODUNBAYO, 11-IGANDOINJ-T2-AGRIC ROAD-OLASALAMI 2, 11-IGANDOINJ-T2-GENERAL HOSPITAL-IKIRE"
02/12/2023,Akowonjo,ABULE,Not Specified,Substation,CNN TO ALL CUSTOMERS FEEDING FROM ALIMOSHO 3X15MVA ISS,11-ALIMOSHOINJ-T4-AKOWONJO 11-ALIMOSHOINJ-T4-FHA 11-ALIMOSHOINJ-T4-OKI 11-ALIMOSHOINJ-T6-ORELOPE 11-ALIMOSHOINJ-T6-SHASHA 11-ALIMOSHOINJ-T8-ALIMOSHO 11-ALIMOSHOINJ-T8-OKUNOLA 11-ALIMOSHOINJ-T8-WOLE OMO OSHO
02/12/2023,Akowonjo,ait,Not Specified,Substation,CNN TO ALL CUSTOMERS FEEDING FROM AMIKANLE 1X15MVA ISS,"11-AMIKANLEINJ-T1-AIYETOBI-1, WAHEED AKINPELU 11-AMIKANLEINJ-T1-AIYETOBI-10, WATCH TOWER 11-AMIKANLEINJ-T1-AIYETOBI-10, WATCH TOWER 11-AMIKANLEINJ-T1-AIYETOBI-10, WATCH TOWER 11-AMIKANLEINJ-T1-AIYETOBI-10, WATCH TOWER 11-AMIKANLEINJ-T1-AIYETOBI"